Date,Open,High,Low,Close,Adj Close,Volume
2011-10-28,75.000000,75.160004,74.900002,75.089996,75.089996,0
2011-10-30,null,null,null,null,null,null
2011-10-31,75.089996,76.570000,74.980003,76.169998,76.169998,0
2011-11-01,76.550003,77.669998,74.980003,77.260002,77.260002,0
2011-11-02,77.540001,77.669998,76.449997,77.010002,77.010002,0
2011-11-03,77.230003,77.500000,76.570000,76.669998,76.669998,0
2011-11-04,76.709999,77.300003,76.620003,76.910004,76.910004,0
2011-11-06,null,null,null,null,null,null
2011-11-07,76.919998,77.379997,76.730003,76.959999,76.959999,0
2011-11-08,77.010002,77.180000,76.559998,76.669998,76.669998,0
2011-11-09,76.669998,78.000000,76.510002,77.930000,77.930000,0
2011-11-10,77.970001,78.169998,77.400002,77.639999,77.639999,0
2011-11-11,77.660004,78.160004,76.720001,76.940002,76.940002,0
2011-11-13,null,null,null,null,null,null
2011-11-14,76.760002,77.650002,76.639999,77.559998,77.559998,0
2011-11-15,77.480003,78.089996,77.430000,77.879997,77.879997,0
2011-11-16,78.059998,78.389999,77.830002,78.160004,78.160004,0
2011-11-17,78.360001,78.470001,77.930000,78.290001,78.290001,0
2011-11-18,78.309998,78.360001,77.540001,78.019997,78.019997,0
2011-11-20,null,null,null,null,null,null
2011-11-21,77.980003,78.510002,77.970001,78.300003,78.300003,0
2011-11-22,78.320000,78.440002,77.980003,78.230003,78.230003,0
2011-11-23,78.230003,79.180000,78.169998,79.000000,79.000000,0
2011-11-25,null,null,null,null,null,null
2011-11-27,null,null,null,null,null,null
2011-11-28,79.239998,79.400002,78.760002,79.290001,79.290001,0
2011-11-29,79.339996,79.400002,78.519997,79.000000,79.000000,0
2011-11-30,79.050003,79.379997,77.919998,78.389999,78.389999,0
2011-12-01,78.370003,79.370003,77.919998,78.320000,78.320000,0
2011-12-02,78.309998,78.769997,77.970001,78.629997,78.629997,0
2011-12-04,null,null,null,null,null,null
2011-12-05,78.570000,78.680000,78.190002,78.610001,78.610001,0
2011-12-06,78.589996,78.879997,78.449997,78.510002,78.510002,0
2011-12-07,78.519997,78.870003,78.279999,78.480003,78.480003,0
2011-12-08,78.459999,79.010002,78.099998,78.809998,78.809998,0
2011-12-09,78.790001,79.099998,78.099998,78.629997,78.629997,0
2011-12-11,null,null,null,null,null,null
2011-12-12,78.720001,79.639999,78.629997,79.570000,79.570000,0
2011-12-13,79.559998,80.389999,79.290001,80.250000,80.250000,0
2011-12-14,80.250000,80.730003,80.120003,80.529999,80.529999,0
2011-12-15,80.510002,80.620003,80.110001,80.239998,80.239998,0
2011-12-16,80.209999,80.610001,79.930000,80.250000,80.250000,0
2011-12-18,null,null,null,null,null,null
2011-12-19,80.190002,80.489998,80.110001,80.250000,80.250000,0
2011-12-20,80.309998,80.489998,79.589996,79.879997,79.879997,0
2011-12-21,79.669998,80.099998,79.239998,80.019997,80.019997,0
2011-12-22,80.029999,80.129997,79.639999,79.919998,79.919998,0
2011-12-23,79.900002,80.059998,79.720001,80.010002,80.010002,0
2011-12-25,null,null,null,null,null,null
2011-12-27,79.930000,80.050003,79.769997,79.790001,79.790001,0
2011-12-28,79.809998,80.599998,79.699997,80.489998,80.489998,0
2011-12-29,80.650002,80.849998,79.699997,80.480003,80.480003,0
2011-12-30,80.400002,80.849998,79.980003,80.169998,80.169998,0
2012-01-01,null,null,null,null,null,null
2012-01-03,80.230003,80.389999,79.510002,79.610001,79.610001,0
2012-01-04,79.650002,80.320000,79.550003,80.089996,80.089996,0
2012-01-05,80.150002,81.010002,80.089996,80.940002,80.940002,0
2012-01-06,80.900002,81.370003,80.779999,81.239998,81.239998,0
2012-01-08,null,null,null,null,null,null
2012-01-09,81.430000,81.500000,80.919998,81.050003,81.050003,0
2012-01-10,80.919998,81.470001,80.709999,80.800003,80.800003,0
2012-01-11,80.989998,81.489998,80.709999,81.349998,81.349998,0
2012-01-12,81.250000,81.489998,80.690002,80.769997,80.769997,0
2012-01-13,80.820000,81.779999,80.529999,81.430000,81.430000,0
2012-01-15,null,null,null,null,null,null
2012-01-17,81.419998,81.699997,80.769997,81.180000,81.180000,0
2012-01-18,81.080002,81.449997,80.470001,80.599998,80.599998,0
2012-01-19,80.480003,81.120003,80.040001,80.209999,80.209999,0
2012-01-20,80.089996,80.580002,79.989998,80.220001,80.220001,0
2012-01-22,null,null,null,null,null,null
2012-01-23,80.370003,80.389999,79.599998,79.690002,79.690002,0
2012-01-24,79.750000,80.389999,79.599998,79.860001,79.860001,0
2012-01-25,79.800003,80.349998,79.379997,79.570000,79.570000,0
2012-01-26,79.489998,79.540001,79.059998,79.410004,79.410004,0
2012-01-27,79.449997,79.540001,78.769997,78.900002,78.900002,0
2012-01-29,null,null,null,null,null,null
2012-01-30,78.900002,79.449997,78.769997,79.160004,79.160004,0
2012-01-31,79.099998,79.480003,78.739998,79.279999,79.279999,0
2012-02-01,79.309998,79.570000,78.620003,78.919998,78.919998,0
2012-02-02,78.839996,79.199997,78.709999,78.970001,78.970001,0
2012-02-03,79.010002,79.360001,78.750000,78.940002,78.940002,0
2012-02-05,null,null,null,null,null,null
2012-02-06,79.070000,79.519997,78.980003,79.089996,79.089996,0
2012-02-07,79.059998,79.510002,78.480003,78.570000,78.570000,0
2012-02-08,78.580002,79.260002,78.430000,78.639999,78.639999,0
2012-02-09,78.709999,78.800003,78.360001,78.559998,78.559998,0
2012-02-10,78.639999,79.190002,78.360001,79.110001,79.110001,0
2012-02-12,null,null,null,null,null,null
2012-02-13,78.830002,79.110001,78.599998,78.940002,78.940002,0
2012-02-14,79.120003,79.629997,78.599998,79.580002,79.580002,0
2012-02-15,78.940002,79.730003,78.940002,79.669998,79.669998,0
2012-02-16,79.739998,80.110001,79.089996,79.339996,79.339996,0
2012-02-17,79.400002,80.110001,79.150002,79.330002,79.330002,0
2012-02-19,null,null,null,null,null,null
2012-02-21,79.120003,79.260002,78.790001,79.040001,79.040001,0
2012-02-22,79.110001,79.379997,78.790001,79.209999,79.209999,0
2012-02-23,79.199997,79.379997,78.599998,78.809998,78.809998,0
2012-02-24,78.629997,79.279999,78.220001,78.349998,78.349998,0
2012-02-26,null,null,null,null,null,null
2012-02-27,78.389999,78.769997,78.220001,78.559998,78.559998,0
2012-02-28,78.470001,78.669998,78.180000,78.269997,78.269997,0
2012-02-29,78.180000,78.870003,78.089996,78.730003,78.730003,0
2012-03-01,78.769997,78.930000,78.089996,78.779999,78.779999,0
2012-03-02,78.730003,79.449997,78.629997,79.400002,79.400002,0
2012-03-04,null,null,null,null,null,null
2012-03-05,79.459999,79.570000,79.230003,79.320000,79.320000,0
2012-03-06,79.339996,79.860001,79.230003,79.860001,79.860001,0
2012-03-07,79.779999,79.919998,79.290001,79.709999,79.709999,0
2012-03-08,79.750000,79.779999,79.070000,79.160004,79.160004,0
2012-03-09,79.169998,80.059998,79.070000,80.040001,80.040001,0
2012-03-11,null,null,null,null,null,null
2012-03-12,79.980003,80.129997,79.849998,79.870003,79.870003,0
2012-03-13,79.839996,80.320000,79.669998,80.190002,80.190002,0
2012-03-14,80.120003,80.620003,79.669998,80.559998,80.559998,0
2012-03-15,80.550003,80.730003,80.029999,80.150002,80.150002,0
2012-03-16,80.250000,80.730003,79.680000,79.779999,79.779999,0
2012-03-18,null,null,null,null,null,null
2012-03-19,79.760002,79.879997,79.349998,79.449997,79.449997,0
2012-03-20,79.480003,79.879997,79.349998,79.589996,79.589996,0
2012-03-21,79.559998,79.830002,79.309998,79.629997,79.629997,0
2012-03-22,79.739998,79.739998,79.739998,79.739998,79.739998,0
2012-03-23,79.889999,79.940002,79.209999,79.339996,79.339996,0
2012-03-25,null,null,null,null,null,null
2012-03-26,79.320000,79.720001,78.870003,78.930000,78.930000,0
2012-03-27,78.930000,79.720001,78.769997,79.040001,79.040001,0
2012-03-28,79.120003,79.339996,78.879997,79.160004,79.160004,0
2012-03-29,79.150002,79.339996,78.870003,79.180000,79.180000,0
2012-03-30,79.070000,79.080002,78.720001,78.930000,78.930000,0
2012-04-01,null,null,null,null,null,null
2012-04-02,78.809998,79.129997,78.779999,78.820000,78.820000,0
2012-04-03,78.860001,79.489998,78.660004,79.480003,79.480003,0
2012-04-04,79.410004,79.919998,79.370003,79.760002,79.760002,0
2012-04-05,79.730003,80.169998,79.379997,80.070000,80.070000,0
2012-04-08,null,null,null,null,null,null
2012-04-09,79.900002,80.089996,79.650002,79.730003,79.730003,0
2012-04-10,79.730003,80.089996,79.599998,79.889999,79.889999,0
2012-04-11,79.879997,79.940002,79.500000,79.779999,79.779999,0
2012-04-12,79.699997,79.940002,79.199997,79.279999,79.279999,0
2012-04-13,79.349998,79.910004,79.199997,79.879997,79.879997,0
2012-04-15,null,null,null,null,null,null
2012-04-16,79.900002,80.169998,79.489998,79.550003,79.550003,0
2012-04-17,79.559998,80.169998,79.389999,79.470001,79.470001,0
2012-04-18,79.559998,79.860001,79.389999,79.529999,79.529999,0
2012-04-19,79.580002,79.860001,79.389999,79.559998,79.559998,0
2012-04-20,79.529999,79.610001,79.120003,79.180000,79.180000,0
2012-04-22,null,null,null,null,null,null
2012-04-23,79.239998,79.639999,79.139999,79.419998,79.419998,0
2012-04-24,79.360001,79.639999,79.089996,79.220001,79.220001,0
2012-04-25,79.190002,79.430000,78.989998,79.010002,79.010002,0
2012-04-26,78.820000,79.309998,78.820000,78.910004,78.910004,0
2012-04-27,79.160004,79.250000,78.669998,78.699997,78.699997,0
2012-04-29,null,null,null,null,null,null
2012-04-30,78.769997,78.910004,78.629997,78.790001,78.790001,0
2012-05-01,78.779999,78.970001,78.599998,78.860001,78.860001,0
2012-05-02,78.830002,79.309998,78.599998,79.129997,79.129997,0
2012-05-03,79.169998,79.419998,78.809998,79.220001,79.220001,0
2012-05-04,79.199997,79.519997,79.080002,79.470001,79.470001,0
2012-05-06,null,null,null,null,null,null
2012-05-07,79.910004,80.029999,79.500000,79.599998,79.599998,0
2012-05-08,79.580002,80.029999,79.529999,79.730003,79.730003,0
2012-05-09,79.900002,80.269997,79.559998,80.080002,80.080002,0
2012-05-10,80.110001,80.269997,79.860001,80.110001,80.110001,0
2012-05-11,80.199997,80.330002,80.070000,80.279999,80.279999,0
2012-05-13,null,null,null,null,null,null
2012-05-14,80.410004,80.720001,80.220001,80.599998,80.599998,0
2012-05-15,80.660004,81.290001,80.349998,81.220001,81.220001,0
2012-05-16,81.230003,81.570000,80.480003,81.370003,81.370003,0
2012-05-17,81.389999,81.680000,81.169998,81.379997,81.379997,0
2012-05-18,81.500000,81.750000,81.010002,81.290001,81.290001,0
2012-05-20,null,null,null,null,null,null
2012-05-21,81.220001,81.930000,80.889999,81.080002,81.080002,0
2012-05-22,80.959999,81.760002,80.949997,81.669998,81.669998,0
2012-05-23,81.720001,82.220001,80.949997,82.089996,82.089996,0
2012-05-24,81.989998,82.370003,81.839996,82.290001,82.290001,0
2012-05-25,82.290001,82.459999,81.839996,82.400002,82.400002,0
2012-05-27,null,null,null,null,null,null
2012-05-29,82.239998,82.610001,82.029999,82.440002,82.440002,0
2012-05-30,82.500000,83.099998,82.029999,83.010002,83.010002,0
2012-05-31,83.099998,83.209999,82.470001,83.040001,83.040001,0
2012-06-01,83.070000,83.540001,82.650002,82.889999,82.889999,0
2012-06-03,null,null,null,null,null,null
2012-06-04,82.470001,83.070000,82.470001,82.550003,82.550003,0
2012-06-05,82.500000,82.940002,82.300003,82.800003,82.800003,0
2012-06-06,82.820000,82.940002,82.120003,82.320000,82.320000,0
2012-06-07,82.230003,82.809998,81.910004,82.050003,82.050003,0
2012-06-08,82.220001,82.889999,81.910004,82.510002,82.510002,0
2012-06-10,null,null,null,null,null,null
2012-06-11,81.849998,82.680000,81.720001,82.510002,82.510002,0
2012-06-12,82.599998,82.720001,82.320000,82.410004,82.410004,0
2012-06-13,82.400002,82.720001,81.910004,82.050003,82.050003,0
2012-06-14,82.139999,82.290001,81.809998,81.900002,81.900002,0
2012-06-15,81.860001,81.940002,81.480003,81.589996,81.589996,0
2012-06-17,null,null,null,null,null,null
2012-06-18,81.309998,82.059998,81.160004,81.940002,81.940002,0
2012-06-19,81.879997,82.059998,81.180000,81.370003,81.370003,0
2012-06-20,81.430000,81.739998,81.220001,81.489998,81.489998,0
2012-06-21,81.480003,82.389999,81.440002,82.320000,82.320000,0
2012-06-22,82.290001,82.459999,82.150002,82.220001,82.220001,0
2012-06-24,null,null,null,null,null,null
2012-06-25,82.339996,82.629997,82.320000,82.459999,82.459999,0
2012-06-26,82.430000,82.680000,82.239998,82.370003,82.370003,0
2012-06-27,82.419998,82.690002,82.300003,82.559998,82.559998,0
2012-06-28,82.529999,82.870003,82.230003,82.669998,82.669998,0
2012-06-29,82.739998,82.739998,81.430000,81.650002,81.650002,0
2012-07-01,null,null,null,null,null,null
2012-07-02,81.639999,81.959999,81.510002,81.870003,81.870003,0
2012-07-03,null,null,null,null,null,null
2012-07-05,82.190002,82.949997,82.080002,82.809998,82.809998,0
2012-07-06,82.830002,83.430000,82.750000,83.290001,83.290001,0
2012-07-08,null,null,null,null,null,null
2012-07-09,83.330002,83.500000,83.089996,83.160004,83.160004,0
2012-07-10,83.089996,83.480003,82.970001,83.360001,83.360001,0
2012-07-11,83.570000,83.570000,83.570000,83.570000,83.570000,0
2012-07-12,83.449997,83.820000,83.099998,83.650002,83.650002,0
2012-07-13,83.610001,83.779999,83.260002,83.300003,83.300003,0
2012-07-15,null,null,null,null,null,null
2012-07-16,83.250000,83.639999,83.019997,83.089996,83.089996,0
2012-07-17,83.139999,83.639999,82.910004,83.029999,83.029999,0
2012-07-18,83.029999,83.339996,82.919998,82.949997,82.949997,0
2012-07-19,83.000000,83.150002,82.730003,82.900002,82.900002,0
2012-07-20,82.930000,83.550003,82.730003,83.470001,83.470001,0
2012-07-22,null,null,null,null,null,null
2012-07-23,83.660004,84.000000,82.870003,83.709999,83.709999,0
2012-07-24,83.750000,84.099998,83.610001,84.010002,84.010002,0
2012-07-25,83.980003,84.099998,83.500000,83.519997,83.519997,0
2012-07-26,82.809998,82.809998,82.809998,82.809998,82.809998,0
2012-07-27,82.849998,83.730003,82.339996,82.709999,82.709999,0
2012-07-29,null,null,null,null,null,null
2012-07-30,82.690002,82.989998,82.529999,82.790001,82.790001,0
2012-07-31,82.809998,82.989998,82.510002,82.639999,82.639999,0
2012-08-01,82.709999,83.160004,82.480003,83.059998,83.059998,0
2012-08-02,83.050003,83.510002,82.199997,83.330002,83.330002,0
2012-08-03,83.330002,83.510002,82.199997,82.379997,82.379997,0
2012-08-05,null,null,null,null,null,null
2012-08-06,82.330002,82.570000,82.080002,82.269997,82.269997,0
2012-08-07,82.320000,82.570000,82.040001,82.209999,82.209999,0
2012-08-08,82.309998,82.529999,82.040001,82.389999,82.389999,0
2012-08-09,82.320000,82.790001,82.230003,82.639999,82.639999,0
2012-08-10,82.620003,82.870003,82.230003,82.550003,82.550003,0
2012-08-12,null,null,null,null,null,null
2012-08-13,82.580002,82.870003,82.220001,82.440002,82.440002,0
2012-08-14,82.430000,82.709999,82.199997,82.480003,82.480003,0
2012-08-15,82.529999,82.779999,82.199997,82.650002,82.650002,0
2012-08-16,82.680000,82.879997,82.320000,82.360001,82.360001,0
2012-08-17,82.379997,82.879997,82.320000,82.599998,82.599998,0
2012-08-19,null,null,null,null,null,null
2012-08-20,82.589996,82.720001,82.379997,82.459999,82.459999,0
2012-08-21,82.430000,82.720001,81.790001,81.910004,81.910004,0
2012-08-22,81.919998,82.470001,81.449997,81.489998,81.489998,0
2012-08-23,81.459999,82.120003,81.220001,81.360001,81.360001,0
2012-08-24,81.410004,81.720001,81.220001,81.589996,81.589996,0
2012-08-26,null,null,null,null,null,null
2012-08-27,81.570000,81.720001,81.489998,81.660004,81.660004,0
2012-08-28,81.660004,81.820000,81.260002,81.370003,81.370003,0
2012-08-29,81.360001,81.820000,81.260002,81.550003,81.550003,0
2012-08-30,81.559998,81.750000,81.400002,81.680000,81.680000,0
2012-08-31,81.680000,81.720001,80.959999,81.250000,81.250000,0
2012-09-02,null,null,null,null,null,null
2012-09-04,81.239998,81.379997,81.050003,81.320000,81.320000,0
2012-09-05,81.389999,81.669998,81.050003,81.239998,81.239998,0
2012-09-06,81.250000,81.449997,81.019997,81.080002,81.080002,0
2012-09-07,81.139999,81.449997,80.150002,80.250000,80.250000,0
2012-09-09,null,null,null,null,null,null
2012-09-10,80.169998,80.430000,80.169998,80.360001,80.360001,0
2012-09-11,80.379997,80.430000,79.790001,79.860001,79.860001,0
2012-09-12,79.879997,80.389999,79.519997,79.739998,79.739998,0
2012-09-13,79.709999,80.019997,79.180000,79.260002,79.260002,0
2012-09-14,79.239998,79.830002,78.599998,78.849998,78.849998,0
2012-09-16,null,null,null,null,null,null
2012-09-17,78.870003,79.059998,78.720001,79.010002,79.010002,0
2012-09-18,78.970001,79.279999,78.720001,79.250000,79.250000,0
2012-09-19,79.190002,79.400002,78.919998,79.059998,79.059998,0
2012-09-20,79.099998,79.660004,79.000000,79.410004,79.410004,0
2012-09-21,79.389999,79.660004,79.050003,79.330002,79.330002,0
2012-09-23,null,null,null,null,null,null
2012-09-24,79.400002,79.769997,79.050003,79.519997,79.519997,0
2012-09-25,79.529999,79.769997,79.330002,79.550003,79.550003,0
2012-09-26,79.690002,80.010002,79.330002,79.889999,79.889999,0
2012-09-27,79.820000,80.010002,79.489998,79.550003,79.550003,0
2012-09-28,79.559998,80.000000,79.360001,79.940002,79.940002,0
2012-09-30,null,null,null,null,null,null
2012-10-01,80.000000,80.150002,79.360001,79.820000,79.820000,0
2012-10-02,79.809998,80.150002,79.480003,79.739998,79.739998,0
2012-10-03,79.800003,80.000000,79.480003,79.970001,79.970001,0
2012-10-04,79.860001,80.000000,79.269997,79.349998,79.349998,0
2012-10-05,79.379997,79.910004,79.099998,79.339996,79.339996,0
2012-10-07,null,null,null,null,null,null
2012-10-08,79.389999,79.709999,79.320000,79.540001,79.540001,0
2012-10-09,79.599998,80.070000,79.400002,79.949997,79.949997,0
2012-10-10,80.050003,80.190002,79.500000,79.919998,79.919998,0
2012-10-11,80.059998,80.209999,79.699997,79.779999,79.779999,0
2012-10-12,79.800003,79.830002,79.510002,79.690002,79.690002,0
2012-10-14,null,null,null,null,null,null
2012-10-15,79.709999,79.970001,79.510002,79.739998,79.739998,0
2012-10-16,79.720001,79.760002,79.309998,79.370003,79.370003,0
2012-10-17,79.169998,79.760002,78.940002,79.019997,79.019997,0
2012-10-18,79.099998,79.410004,78.940002,79.370003,79.370003,0
2012-10-19,79.330002,79.660004,79.320000,79.639999,79.639999,0
2012-10-21,null,null,null,null,null,null
2012-10-22,79.620003,79.680000,79.470001,79.650002,79.650002,0
2012-10-23,79.540001,80.059998,79.470001,79.980003,79.980003,0
2012-10-24,79.940002,80.150002,79.820000,79.970001,79.970001,0
2012-10-25,79.959999,80.150002,79.699997,80.040001,80.040001,0
2012-10-26,80.110001,80.269997,79.699997,80.070000,80.070000,0
2012-10-28,null,null,null,null,null,null
2012-10-31,79.919998,80.279999,79.669998,79.919998,79.919998,0
2012-11-01,79.940002,80.110001,79.669998,80.050003,80.050003,0
2012-11-02,80.019997,80.610001,79.860001,80.589996,80.589996,0
2012-11-04,null,null,null,null,null,null
2012-11-05,80.629997,80.839996,80.500000,80.750000,80.750000,0
2012-11-06,80.709999,80.839996,80.500000,80.610001,80.610001,0
2012-11-07,80.639999,80.919998,80.279999,80.760002,80.760002,0
2012-11-08,80.860001,81.000000,80.279999,80.790001,80.790001,0
2012-11-09,80.849998,81.089996,80.610001,81.029999,81.029999,0
2012-11-11,null,null,null,null,null,null
2012-11-12,81.000000,81.099998,80.910004,81.040001,81.040001,0
2012-11-13,81.110001,81.239998,80.910004,81.080002,81.080002,0
2012-11-14,81.050003,81.239998,80.900002,81.059998,81.059998,0
2012-11-15,81.150002,81.209999,80.900002,81.080002,81.080002,0
2012-11-16,81.029999,81.459999,80.930000,81.260002,81.260002,0
2012-11-18,null,null,null,null,null,null
2012-11-19,81.160004,81.199997,80.790001,80.870003,80.870003,0
2012-11-20,81.000000,81.199997,80.790001,80.959999,80.959999,0
2012-11-21,80.910004,81.269997,80.790001,80.930000,80.930000,0
2012-11-23,null,null,null,null,null,null
2012-11-25,null,null,null,null,null,null
2012-11-26,80.260002,80.309998,80.029999,80.250000,80.250000,0
2012-11-27,80.099998,80.470001,80.019997,80.400002,80.400002,0
2012-11-28,80.379997,80.589996,80.019997,80.339996,80.339996,0
2012-11-29,80.320000,80.589996,80.019997,80.199997,80.199997,0
2012-11-30,80.209999,80.349998,80.019997,80.150002,80.150002,0
2012-12-02,null,null,null,null,null,null
2012-12-03,80.180000,80.269997,79.800003,79.879997,79.879997,0
2012-12-04,79.889999,80.190002,79.610001,79.639999,79.639999,0
2012-12-05,79.589996,79.919998,79.570000,79.769997,79.769997,0
2012-12-06,79.800003,80.320000,79.570000,80.260002,80.260002,0
2012-12-07,80.269997,80.660004,79.730003,80.419998,80.419998,0
2012-12-09,null,null,null,null,null,null
2012-12-10,80.489998,80.660004,80.230003,80.330002,80.330002,0
2012-12-11,80.300003,80.570000,80.000000,80.059998,80.059998,0
2012-12-12,80.050003,80.129997,79.709999,79.889999,79.889999,0
2012-12-13,79.870003,80.129997,79.709999,79.930000,79.930000,0
2012-12-14,79.949997,79.980003,79.500000,79.599998,79.599998,0
2012-12-16,null,null,null,null,null,null
2012-12-17,79.629997,79.699997,79.470001,79.570000,79.570000,0
2012-12-18,79.570000,79.699997,79.260002,79.360001,79.360001,0
2012-12-19,79.349998,79.379997,79.010002,79.250000,79.250000,0
2012-12-20,79.360001,79.459999,79.010002,79.260002,79.260002,0
2012-12-21,79.330002,79.650002,79.300003,79.620003,79.620003,0
2012-12-23,null,null,null,null,null,null
2012-12-24,null,null,null,null,null,null
2012-12-26,79.680000,79.779999,79.370003,79.620003,79.620003,0
2012-12-27,79.559998,79.790001,79.360001,79.620003,79.620003,0
2012-12-28,79.660004,79.930000,79.589996,79.680000,79.680000,0
2012-12-30,null,null,null,null,null,null
2012-12-31,79.620003,79.930000,79.580002,79.769997,79.769997,0
2013-01-02,79.750000,79.930000,79.279999,79.849998,79.849998,0
2013-01-03,79.809998,80.459999,79.800003,80.430000,80.430000,0
2013-01-04,80.550003,80.870003,79.800003,80.500000,80.500000,0
2013-01-06,null,null,null,null,null,null
2013-01-07,80.510002,80.870003,80.120003,80.260002,80.260002,0
2013-01-08,80.150002,80.680000,80.110001,80.349998,80.349998,0
2013-01-09,80.300003,80.639999,80.110001,80.559998,80.559998,0
2013-01-10,80.589996,80.669998,79.669998,79.739998,79.739998,0
2013-01-11,79.790001,80.669998,79.440002,79.559998,79.559998,0
2013-01-13,null,null,null,null,null,null
2013-01-14,79.529999,79.650002,79.349998,79.489998,79.489998,0
2013-01-15,79.500000,79.870003,79.349998,79.779999,79.779999,0
2013-01-16,79.690002,79.900002,79.389999,79.800003,79.800003,0
2013-01-17,79.830002,79.900002,79.570000,79.650002,79.650002,0
2013-01-18,79.680000,80.190002,79.650002,80.050003,80.050003,0
2013-01-20,null,null,null,null,null,null
2013-01-22,80.059998,80.089996,79.690002,79.870003,79.870003,0
2013-01-23,79.879997,80.129997,79.690002,79.919998,79.919998,0
2013-01-24,79.980003,80.150002,79.699997,79.949997,79.949997,0
2013-01-25,80.010002,80.150002,79.680000,79.750000,79.750000,0
2013-01-27,null,null,null,null,null,null
2013-01-28,79.790001,79.930000,79.720001,79.779999,79.779999,0
2013-01-29,79.779999,79.930000,79.519997,79.559998,79.559998,0
2013-01-30,79.580002,79.860001,79.180000,79.279999,79.279999,0
2013-01-31,79.250000,79.370003,79.129997,79.209999,79.209999,0
2013-02-01,79.099998,79.370003,78.919998,79.129997,79.129997,0
2013-02-03,null,null,null,null,null,null
2013-02-04,79.190002,79.610001,78.919998,79.550003,79.550003,0
2013-02-05,79.580002,79.790001,79.180000,79.489998,79.489998,0
2013-02-06,79.540001,79.860001,79.449997,79.720001,79.720001,0
2013-02-07,79.750000,80.279999,79.489998,80.190002,80.190002,0
2013-02-08,80.250000,80.279999,79.540001,80.250000,80.250000,0
2013-02-10,null,null,null,null,null,null
2013-02-11,80.209999,80.400002,80.110001,80.309998,80.309998,0
2013-02-12,80.360001,80.510002,79.919998,80.110001,80.110001,0
2013-02-13,80.050003,80.510002,79.839996,80.089996,80.089996,0
2013-02-14,79.839996,80.620003,79.839996,80.459999,80.459999,0
2013-02-15,80.430000,80.620003,80.050003,80.580002,80.580002,0
2013-02-17,null,null,null,null,null,null
2013-02-19,80.639999,80.730003,80.430000,80.470001,80.470001,0
2013-02-20,80.419998,81.120003,80.269997,81.089996,81.089996,0
2013-02-21,81.080002,81.510002,80.269997,81.459999,81.459999,0
2013-02-22,81.370003,81.589996,81.029999,81.480003,81.480003,0
2013-02-24,null,null,null,null,null,null
2013-02-25,81.620003,81.919998,81.070000,81.669998,81.669998,0
2013-02-26,81.830002,81.949997,81.070000,81.870003,81.870003,0
2013-02-27,81.860001,81.949997,81.500000,81.599998,81.599998,0
2013-02-28,81.510002,81.989998,81.470001,81.980003,81.980003,0
2013-03-01,81.919998,82.510002,81.470001,82.309998,82.309998,0
2013-03-03,null,null,null,null,null,null
2013-03-04,82.300003,82.470001,82.160004,82.220001,82.220001,0
2013-03-05,82.129997,82.470001,81.900002,82.089996,82.089996,0
2013-03-06,82.029999,82.599998,81.900002,82.459999,82.459999,0
2013-03-07,82.559998,82.599998,81.930000,82.080002,82.080002,0
2013-03-08,82.099998,82.919998,81.959999,82.699997,82.699997,0
2013-03-10,null,null,null,null,null,null
2013-03-11,82.809998,82.860001,82.519997,82.570000,82.570000,0
2013-03-12,82.660004,82.830002,82.410004,82.580002,82.580002,0
2013-03-13,82.599998,83.059998,82.330002,82.889999,82.889999,0
2013-03-14,82.900002,83.169998,82.330002,82.610001,82.610001,0
2013-03-15,82.550003,83.169998,82.050003,82.260002,82.260002,0
2013-03-17,null,null,null,null,null,null
2013-03-18,82.790001,82.879997,82.440002,82.690002,82.690002,0
2013-03-19,82.720001,83.099998,82.440002,82.989998,82.989998,0
2013-03-20,83.040001,83.099998,82.570000,82.779999,82.779999,0
2013-03-21,82.879997,83.019997,82.680000,82.800003,82.800003,0
2013-03-22,82.809998,83.019997,82.290001,82.529999,82.529999,0
2013-03-24,null,null,null,null,null,null
2013-03-25,82.449997,82.949997,82.150002,82.870003,82.870003,0
2013-03-26,82.889999,82.980003,82.150002,82.879997,82.879997,0
2013-03-27,82.870003,83.300003,82.839996,83.209999,83.209999,0
2013-03-28,83.199997,83.300003,82.830002,82.989998,82.989998,0
2013-03-29,null,null,null,null,null,null
2013-03-31,null,null,null,null,null,null
2013-04-01,83.040001,83.180000,82.650002,82.730003,82.730003,0
2013-04-02,82.720001,82.949997,82.489998,82.940002,82.940002,0
2013-04-03,82.489998,83.070000,82.489998,82.720001,82.720001,0
2013-04-04,82.620003,83.489998,82.620003,82.680000,82.680000,0
2013-04-05,82.269997,83.489998,82.269997,82.500000,82.500000,0
2013-04-07,null,null,null,null,null,null
2013-04-08,82.489998,82.830002,82.489998,82.750000,82.750000,0
2013-04-09,82.279999,82.830002,82.279999,82.309998,82.309998,0
2013-04-10,82.230003,82.699997,82.230003,82.529999,82.529999,0
2013-04-11,82.070000,82.580002,82.070000,82.250000,82.250000,0
2013-04-12,82.050003,82.580002,82.050003,82.309998,82.309998,0
2013-04-14,null,null,null,null,null,null
2013-04-15,81.959999,82.440002,81.959999,82.419998,82.419998,0
2013-04-16,81.720001,82.519997,81.720001,81.750000,81.750000,0
2013-04-17,81.820000,82.699997,81.820000,82.660004,82.660004,0
2013-04-18,82.639999,82.660004,82.349998,82.550003,82.550003,0
2013-04-19,82.309998,82.779999,82.309998,82.709999,82.709999,0
2013-04-21,null,null,null,null,null,null
2013-04-22,82.309998,82.910004,82.309998,82.680000,82.680000,0
2013-04-23,82.639999,83.059998,82.519997,83.029999,83.029999,0
2013-04-24,83.010002,83.190002,82.849998,82.930000,82.930000,0
2013-04-25,82.400002,83.190002,82.400002,82.739998,82.739998,0
2013-04-26,82.809998,82.839996,82.389999,82.480003,82.480003,0
2013-04-28,null,null,null,null,null,null
2013-04-29,82.040001,82.489998,82.040001,82.150002,82.150002,0
2013-04-30,82.160004,82.269997,81.599998,81.730003,81.730003,0
2013-05-01,81.709999,81.739998,81.330002,81.639999,81.639999,0
2013-05-02,81.620003,82.349998,81.510002,82.209999,82.209999,0
2013-05-03,82.220001,82.519997,81.910004,82.099998,82.099998,0
2013-05-05,null,null,null,null,null,null
2013-05-06,81.980003,82.410004,81.980003,82.320000,82.320000,0
2013-05-07,82.320000,82.349998,82.070000,82.300003,82.300003,0
2013-05-08,81.720001,82.349998,81.720001,81.900002,81.900002,0
2013-05-09,81.720001,82.820000,81.720001,82.790001,82.790001,0
2013-05-10,81.779999,83.440002,81.779999,83.139999,83.139999,0
2013-05-12,null,null,null,null,null,null
2013-05-13,83.239998,83.360001,83.070000,83.260002,83.260002,0
2013-05-14,83.199997,83.599998,82.959999,83.570000,83.570000,0
2013-05-15,82.959999,84.089996,82.959999,83.830002,83.830002,0
2013-05-16,83.800003,84.000000,83.449997,83.769997,83.769997,0
2013-05-17,83.730003,84.370003,83.720001,84.279999,84.279999,0
2013-05-19,null,null,null,null,null,null
2013-05-20,84.209999,84.260002,83.699997,83.809998,83.809998,0
2013-05-21,83.650002,84.260002,83.650002,83.860001,83.860001,0
2013-05-22,83.790001,84.419998,83.459999,84.250000,84.250000,0
2013-05-23,83.800003,83.800003,83.800003,83.800003,83.800003,0
2013-05-24,83.430000,84.500000,83.430000,83.699997,83.699997,0
2013-05-26,null,null,null,null,null,null
2013-05-28,83.669998,84.239998,83.639999,84.139999,84.139999,0
2013-05-29,84.300003,84.370003,83.480003,83.639999,83.639999,0
2013-05-30,83.639999,83.709999,82.980003,83.010002,83.010002,0
2013-05-31,82.959999,83.709999,82.959999,83.379997,83.379997,0
2013-06-02,null,null,null,null,null,null
2013-06-03,83.309998,83.379997,82.430000,82.680000,82.680000,0
2013-06-04,82.709999,82.980003,82.599998,82.769997,82.769997,0
2013-06-05,82.800003,82.889999,82.489998,82.570000,82.570000,0
2013-06-06,82.529999,82.680000,81.080002,81.519997,81.519997,0
2013-06-07,81.559998,81.849998,81.089996,81.690002,81.690002,0
2013-06-09,null,null,null,null,null,null
2013-06-10,81.599998,82.089996,81.599998,81.650002,81.650002,0
2013-06-11,81.690002,81.750000,81.040001,81.059998,81.059998,0
2013-06-12,81.089996,81.309998,80.750000,80.959999,80.959999,0
2013-06-13,80.900002,80.989998,80.500000,80.620003,80.620003,0
2013-06-14,80.500000,81.010002,80.500000,80.669998,80.669998,0
2013-06-16,null,null,null,null,null,null
2013-06-17,80.620003,80.879997,80.540001,80.570000,80.570000,0
2013-06-18,80.629997,80.989998,80.559998,80.620003,80.620003,0
2013-06-19,80.500000,81.500000,80.500000,81.430000,81.430000,0
2013-06-20,81.410004,82.150002,81.269997,81.839996,81.839996,0
2013-06-21,81.269997,82.519997,81.269997,82.320000,82.320000,0
2013-06-23,null,null,null,null,null,null
2013-06-24,82.309998,82.839996,82.309998,82.430000,82.430000,0
2013-06-25,82.239998,82.839996,82.239998,82.580002,82.580002,0
2013-06-26,82.690002,83.029999,82.510002,82.949997,82.949997,0
2013-06-27,82.930000,83.169998,82.769997,82.910004,82.910004,0
2013-06-28,83.000000,83.339996,82.760002,83.169998,83.169998,0
2013-06-30,null,null,null,null,null,null
2013-07-01,83.199997,83.230003,82.970001,82.980003,82.980003,0
2013-07-02,82.970001,83.610001,82.970001,83.540001,83.540001,0
2013-07-03,null,null,null,null,null,null
2013-07-05,83.860001,84.529999,83.830002,84.419998,84.419998,0
2013-07-07,null,null,null,null,null,null
2013-07-08,84.489998,84.589996,84.150002,84.199997,84.199997,0
2013-07-09,84.089996,84.750000,84.089996,84.580002,84.580002,0
2013-07-10,83.169998,84.750000,83.169998,84.040001,84.040001,0
2013-07-11,82.279999,84.730003,82.279999,82.750000,82.750000,0
2013-07-12,82.419998,83.250000,82.419998,82.989998,82.989998,0
2013-07-14,null,null,null,null,null,null
2013-07-15,82.870003,83.459999,82.870003,83.040001,83.040001,0
2013-07-16,83.129997,83.150002,82.400002,82.430000,82.430000,0
2013-07-17,82.339996,83.110001,82.339996,82.709999,82.709999,0
2013-07-18,82.339996,83.029999,82.339996,82.820000,82.820000,0
2013-07-19,82.800003,82.940002,82.519997,82.580002,82.580002,0
2013-07-21,null,null,null,null,null,null
2013-07-22,82.610001,82.610001,82.050003,82.220001,82.220001,0
2013-07-23,82.180000,82.379997,81.930000,82.010002,82.010002,0
2013-07-24,82.019997,82.410004,81.940002,82.300003,82.300003,0
2013-07-25,81.620003,82.410004,81.620003,81.970001,81.970001,0
2013-07-26,81.769997,81.830002,81.550003,81.620003,81.620003,0
2013-07-28,null,null,null,null,null,null
2013-07-29,81.500000,81.830002,81.500000,81.660004,81.660004,0
2013-07-30,81.709999,81.980003,81.580002,81.830002,81.830002,0
2013-07-31,81.410004,82.190002,81.410004,81.449997,81.449997,0
2013-08-01,81.410004,82.410004,81.410004,82.339996,82.339996,0
2013-08-02,81.610001,82.489998,81.610001,81.910004,81.910004,0
2013-08-04,null,null,null,null,null,null
2013-08-05,81.750000,82.489998,81.750000,81.879997,81.879997,0
2013-08-06,81.510002,82.089996,81.510002,81.599998,81.599998,0
2013-08-07,81.230003,81.959999,81.230003,81.290001,81.290001,0
2013-08-08,81.260002,81.360001,80.870003,81.010002,81.010002,0
2013-08-09,80.870003,81.360001,80.870003,81.129997,81.129997,0
2013-08-11,null,null,null,null,null,null
2013-08-12,81.070000,81.510002,81.070000,81.330002,81.330002,0
2013-08-13,81.510002,81.879997,81.400002,81.730003,81.730003,0
2013-08-14,81.769997,81.849998,81.610001,81.699997,81.699997,0
2013-08-15,81.690002,81.940002,81.110001,81.129997,81.129997,0
2013-08-16,81.050003,81.940002,81.050003,81.260002,81.260002,0
2013-08-18,null,null,null,null,null,null
2013-08-19,81.139999,81.389999,81.139999,81.230003,81.230003,0
2013-08-20,80.750000,81.389999,80.750000,80.910004,80.910004,0
2013-08-21,80.949997,81.410004,80.900002,81.320000,81.320000,0
2013-08-22,81.379997,81.720001,81.379997,81.489998,81.489998,0
2013-08-23,81.419998,81.660004,81.220001,81.339996,81.339996,0
2013-08-25,null,null,null,null,null,null
2013-08-26,81.339996,81.510002,81.269997,81.370003,81.370003,0
2013-08-27,81.110001,81.570000,81.110001,81.169998,81.169998,0
2013-08-28,81.129997,81.599998,81.110001,81.419998,81.419998,0
2013-08-29,81.110001,82.070000,81.110001,81.949997,81.949997,0
2013-08-30,81.379997,82.260002,81.379997,82.089996,82.089996,0
2013-09-01,null,null,null,null,null,null
2013-09-03,82.019997,82.519997,82.019997,82.360001,82.360001,0
2013-09-04,82.080002,82.519997,82.080002,82.169998,82.169998,0
2013-09-05,82.199997,82.669998,82.099998,82.629997,82.629997,0
2013-09-06,82.629997,82.629997,82.040001,82.150002,82.150002,0
2013-09-08,null,null,null,null,null,null
2013-09-09,81.699997,82.629997,81.699997,81.790001,81.790001,0
2013-09-10,81.699997,82.309998,81.699997,81.820000,81.820000,0
2013-09-11,81.449997,81.980003,81.449997,81.519997,81.519997,0
2013-09-12,81.360001,81.940002,81.360001,81.489998,81.489998,0
2013-09-13,81.360001,81.739998,81.360001,81.449997,81.449997,0
2013-09-15,null,null,null,null,null,null
2013-09-16,81.230003,81.309998,80.970001,81.250000,81.250000,0
2013-09-17,81.279999,81.349998,81.110001,81.169998,81.169998,0
2013-09-18,80.059998,81.349998,80.059998,80.239998,80.239998,0
2013-09-19,80.239998,80.449997,80.070000,80.360001,80.360001,0
2013-09-20,80.360001,80.580002,80.300003,80.440002,80.440002,0
2013-09-22,null,null,null,null,null,null
2013-09-23,80.290001,80.529999,80.290001,80.449997,80.449997,0
2013-09-24,80.290001,80.620003,80.290001,80.559998,80.559998,0
2013-09-25,80.290001,80.629997,80.290001,80.330002,80.330002,0
2013-09-26,80.290001,80.650002,80.290001,80.519997,80.519997,0
2013-09-27,80.540001,80.589996,80.110001,80.269997,80.269997,0
2013-09-29,null,null,null,null,null,null
2013-09-30,80.029999,80.430000,80.029999,80.220001,80.220001,0
2013-10-01,80.269997,80.320000,79.860001,80.099998,80.099998,0
2013-10-02,80.209999,80.279999,79.779999,79.879997,79.879997,0
2013-10-03,79.900002,79.919998,79.629997,79.769997,79.769997,0
2013-10-04,79.629997,80.190002,79.629997,80.120003,80.120003,0
2013-10-06,null,null,null,null,null,null
2013-10-07,79.680000,80.190002,79.680000,79.940002,79.940002,0
2013-10-08,79.839996,80.139999,79.839996,80.059998,80.059998,0
2013-10-09,79.910004,80.570000,79.879997,80.370003,80.370003,0
2013-10-10,79.879997,80.599998,79.879997,80.419998,80.419998,0
2013-10-11,80.239998,80.599998,80.239998,80.360001,80.360001,0
2013-10-13,null,null,null,null,null,null
2013-10-14,80.129997,80.430000,80.129997,80.260002,80.260002,0
2013-10-15,80.129997,80.699997,80.129997,80.480003,80.480003,0
2013-10-16,80.440002,80.750000,80.279999,80.500000,80.500000,0
2013-10-17,80.519997,80.559998,79.610001,79.650002,79.650002,0
2013-10-18,79.690002,79.760002,79.480003,79.639999,79.639999,0
2013-10-20,null,null,null,null,null,null
2013-10-21,79.620003,79.820000,79.620003,79.680000,79.680000,0
2013-10-22,79.739998,79.790001,79.180000,79.239998,79.239998,0
2013-10-23,79.260002,79.389999,79.139999,79.260002,79.260002,0
2013-10-24,79.279999,79.320000,79.080002,79.190002,79.190002,0
2013-10-25,79.199997,79.320000,79.000000,79.180000,79.180000,0
2013-10-27,null,null,null,null,null,null
2013-10-28,79.150002,79.379997,79.150002,79.250000,79.250000,0
2013-10-29,79.320000,79.669998,79.290001,79.629997,79.629997,0
2013-10-30,79.610001,79.910004,79.449997,79.750000,79.750000,0
2013-10-31,79.449997,80.269997,79.449997,80.199997,80.199997,0
2013-11-01,80.230003,80.790001,80.230003,80.730003,80.730003,0
2013-11-03,null,null,null,null,null,null
2013-11-04,80.690002,80.930000,80.529999,80.550003,80.550003,0
2013-11-05,80.500000,80.930000,80.500000,80.709999,80.709999,0
2013-11-06,80.379997,80.809998,80.379997,80.480003,80.480003,0
2013-11-07,80.519997,81.459999,80.440002,80.820000,80.820000,0
2013-11-08,80.889999,81.480003,80.779999,81.209999,81.209999,0
2013-11-10,null,null,null,null,null,null
2013-11-11,81.290001,81.339996,81.070000,81.089996,81.089996,0
2013-11-12,81.019997,81.459999,81.019997,81.190002,81.190002,0
2013-11-13,80.730003,81.459999,80.730003,80.930000,80.930000,0
2013-11-14,80.809998,81.209999,80.739998,80.980003,80.980003,0
2013-11-15,81.029999,81.150002,80.779999,80.839996,80.839996,0
2013-11-17,null,null,null,null,null,null
2013-11-18,80.570000,80.919998,80.570000,80.830002,80.830002,0
2013-11-19,80.489998,80.919998,80.489998,80.699997,80.699997,0
2013-11-20,80.489998,81.129997,80.489998,81.110001,81.110001,0
2013-11-21,81.059998,81.290001,80.949997,81.050003,81.050003,0
2013-11-22,81.019997,81.089996,80.690002,80.709999,80.709999,0
2013-11-24,null,null,null,null,null,null
2013-11-25,80.690002,81.019997,80.680000,80.919998,80.919998,0
2013-11-26,80.800003,80.900002,80.599998,80.610001,80.610001,0
2013-11-27,80.639999,80.790001,80.480003,80.739998,80.739998,0
2013-11-29,null,null,null,null,null,null
2013-12-01,null,null,null,null,null,null
2013-12-02,80.660004,80.959999,80.500000,80.910004,80.910004,0
2013-12-03,80.889999,80.989998,80.500000,80.620003,80.620003,0
2013-12-04,80.629997,80.910004,80.540001,80.629997,80.629997,0
2013-12-05,80.639999,80.830002,80.230003,80.269997,80.269997,0
2013-12-06,80.300003,80.610001,80.220001,80.269997,80.269997,0
2013-12-08,null,null,null,null,null,null
2013-12-09,80.250000,80.330002,80.120003,80.129997,80.129997,0
2013-12-10,80.129997,80.180000,79.839996,79.970001,79.970001,0
2013-12-11,79.980003,80.059998,79.760002,79.889999,79.889999,0
2013-12-12,79.900002,80.250000,79.849998,80.199997,80.199997,0
2013-12-13,80.230003,80.419998,80.160004,80.209999,80.209999,0
2013-12-15,null,null,null,null,null,null
2013-12-16,80.190002,80.220001,79.919998,80.070000,80.070000,0
2013-12-17,80.099998,80.279999,79.980003,80.059998,80.059998,0
2013-12-18,80.050003,80.570000,79.809998,80.110001,80.110001,0
2013-12-19,80.519997,80.669998,80.470001,80.629997,80.629997,0
2013-12-20,80.709999,80.830002,80.389999,80.580002,80.580002,0
2013-12-22,null,null,null,null,null,null
2013-12-23,80.550003,80.550003,80.320000,80.449997,80.449997,0
2013-12-24,null,null,null,null,null,null
2013-12-26,80.610001,80.620003,80.449997,80.480003,80.480003,0
2013-12-27,80.510002,80.519997,79.690002,80.389999,80.389999,0
2013-12-29,null,null,null,null,null,null
2013-12-30,80.339996,80.430000,79.930000,80.000000,80.000000,0
2013-12-31,80.010002,80.220001,79.970001,80.040001,80.040001,0
2014-01-02,80.139999,80.709999,80.080002,80.629997,80.629997,0
2014-01-03,80.559998,80.900002,80.489998,80.790001,80.790001,0
2014-01-05,null,null,null,null,null,null
2014-01-06,80.870003,80.910004,80.540001,80.650002,80.650002,0
2014-01-07,80.680000,80.949997,80.599998,80.830002,80.830002,0
2014-01-08,80.910004,81.169998,80.830002,81.040001,81.040001,0
2014-01-09,81.070000,81.190002,80.849998,81.010002,81.010002,0
2014-01-10,80.949997,81.139999,80.529999,80.660004,80.660004,0
2014-01-12,null,null,null,null,null,null
2014-01-13,80.580002,80.750000,80.470001,80.510002,80.510002,0
2014-01-14,80.589996,80.699997,80.440002,80.610001,80.610001,0
2014-01-15,80.660004,81.129997,80.650002,81.000000,81.000000,0
2014-01-16,81.050003,81.120003,80.769997,80.900002,80.900002,0
2014-01-17,80.930000,81.300003,80.910004,81.260002,81.260002,0
2014-01-19,null,null,null,null,null,null
2014-01-21,81.180000,81.389999,81.040001,81.099998,81.099998,0
2014-01-22,81.099998,81.209999,80.959999,81.169998,81.169998,0
2014-01-23,81.250000,81.309998,80.410004,80.440002,80.440002,0
2014-01-24,80.480003,80.559998,80.150002,80.459999,80.459999,0
2014-01-26,null,null,null,null,null,null
2014-01-27,80.459999,80.559998,80.300003,80.500000,80.500000,0
2014-01-28,80.489998,80.760002,80.389999,80.570000,80.570000,0
2014-01-29,80.650002,80.820000,80.440002,80.510002,80.510002,0
2014-01-30,80.570000,81.139999,80.550003,81.089996,81.089996,0
2014-01-31,81.040001,81.320000,80.989998,81.269997,81.269997,0
2014-02-02,null,null,null,null,null,null
2014-02-03,81.250000,81.320000,80.989998,81.010002,81.010002,0
2014-02-04,81.080002,81.220001,80.989998,81.120003,81.120003,0
2014-02-05,81.120003,81.239998,80.900002,81.029999,81.029999,0
2014-02-06,81.050003,81.230003,80.730003,80.889999,80.889999,0
2014-02-07,80.889999,81.010002,80.599998,80.690002,80.690002,0
2014-02-09,null,null,null,null,null,null
2014-02-10,80.769997,80.769997,80.589996,80.669998,80.669998,0
2014-02-11,80.629997,80.669998,80.449997,80.629997,80.629997,0
2014-02-12,80.629997,80.830002,80.489998,80.680000,80.680000,0
2014-02-13,80.699997,80.709999,80.190002,80.290001,80.290001,0
2014-02-14,80.320000,80.330002,80.070000,80.129997,80.129997,0
2014-02-16,null,null,null,null,null,null
2014-02-18,80.169998,80.230003,79.959999,80.010002,80.010002,0
2014-02-19,79.970001,80.239998,79.930000,80.169998,80.169998,0
2014-02-20,80.220001,80.419998,80.029999,80.290001,80.290001,0
2014-02-21,80.300003,80.410004,80.180000,80.239998,80.239998,0
2014-02-23,null,null,null,null,null,null
2014-02-24,80.279999,80.370003,80.110001,80.209999,80.209999,0
2014-02-25,80.220001,80.260002,80.019997,80.150002,80.150002,0
2014-02-26,80.150002,80.519997,80.089996,80.410004,80.410004,0
2014-02-27,80.419998,80.580002,80.230003,80.290001,80.290001,0
2014-02-28,80.279999,80.309998,79.690002,79.779999,79.779999,0
2014-03-02,null,null,null,null,null,null
2014-03-03,79.900002,80.099998,79.769997,80.070000,80.070000,0
2014-03-04,80.070000,80.209999,79.919998,80.160004,80.160004,0
2014-03-05,80.139999,80.269997,80.050003,80.110001,80.110001,0
2014-03-06,80.120003,80.199997,79.589996,79.680000,79.680000,0
2014-03-07,79.660004,79.849998,79.430000,79.720001,79.720001,0
2014-03-09,null,null,null,null,null,null
2014-03-10,79.690002,79.830002,79.629997,79.750000,79.750000,0
2014-03-11,79.760002,79.930000,79.709999,79.769997,79.769997,0
2014-03-12,79.800003,79.860001,79.550003,79.610001,79.610001,0
2014-03-13,79.589996,79.690002,79.269997,79.620003,79.620003,0
2014-03-14,79.610001,79.699997,79.309998,79.440002,79.440002,0
2014-03-16,null,null,null,null,null,null
2014-03-17,79.400002,79.559998,79.279999,79.389999,79.389999,0
2014-03-18,79.379997,79.540001,79.309998,79.410004,79.410004,0
2014-03-19,79.379997,80.110001,79.360001,79.989998,79.989998,0
2014-03-20,80.010002,80.349998,79.919998,80.209999,80.209999,0
2014-03-21,80.190002,80.230003,80.029999,80.110001,80.110001,0
2014-03-23,null,null,null,null,null,null
2014-03-24,80.120003,80.290001,79.750000,79.930000,79.930000,0
2014-03-25,79.930000,80.269997,79.860001,79.940002,79.940002,0
2014-03-26,79.940002,80.139999,79.919998,79.980003,79.980003,0
2014-03-27,80.029999,80.199997,79.949997,80.110001,80.110001,0
2014-03-28,80.150002,80.250000,80.059998,80.180000,80.180000,0
2014-03-30,null,null,null,null,null,null
2014-03-31,80.190002,80.300003,79.959999,80.099998,80.099998,0
2014-04-01,80.099998,80.129997,79.970001,80.080002,80.080002,0
2014-04-02,80.070000,80.279999,80.000000,80.220001,80.220001,0
2014-04-03,80.230003,80.529999,80.120003,80.470001,80.470001,0
2014-04-04,80.449997,80.599998,80.339996,80.419998,80.419998,0
2014-04-06,null,null,null,null,null,null
2014-04-07,80.440002,80.449997,80.190002,80.220001,80.220001,0
2014-04-08,80.220001,80.230003,79.709999,79.750000,79.750000,0
2014-04-09,79.800003,79.879997,79.470001,79.480003,79.480003,0
2014-04-10,79.519997,79.570000,79.330002,79.379997,79.379997,0
2014-04-11,79.410004,79.570000,79.360001,79.449997,79.449997,0
2014-04-13,null,null,null,null,null,null
2014-04-14,79.620003,79.830002,79.559998,79.730003,79.730003,0
2014-04-15,79.750000,79.900002,79.690002,79.800003,79.800003,0
2014-04-16,79.790001,79.870003,79.650002,79.820000,79.820000,0
2014-04-17,79.809998,79.879997,79.580002,79.830002,79.830002,0
2014-04-20,null,null,null,null,null,null
2014-04-21,79.860001,79.989998,79.790001,79.949997,79.949997,0
2014-04-22,79.959999,79.989998,79.790001,79.910004,79.910004,0
2014-04-23,79.889999,79.919998,79.699997,79.860001,79.860001,0
2014-04-24,79.849998,79.970001,79.750000,79.800003,79.800003,0
2014-04-25,79.750000,79.800003,79.660004,79.769997,79.769997,0
2014-04-27,null,null,null,null,null,null
2014-04-28,79.769997,79.839996,79.550003,79.680000,79.680000,0
2014-04-29,79.690002,79.839996,79.589996,79.809998,79.809998,0
2014-04-30,79.809998,79.919998,79.459999,79.489998,79.489998,0
2014-05-01,79.510002,79.540001,79.410004,79.529999,79.529999,0
2014-05-02,79.519997,79.849998,79.470001,79.519997,79.519997,0
2014-05-04,null,null,null,null,null,null
2014-05-05,79.500000,79.529999,79.430000,79.489998,79.489998,0
2014-05-06,79.500000,79.519997,79.059998,79.139999,79.139999,0
2014-05-07,79.139999,79.239998,79.089996,79.220001,79.220001,0
2014-05-08,79.230003,79.440002,78.910004,79.430000,79.430000,0
2014-05-09,79.419998,79.919998,79.419998,79.900002,79.900002,0
2014-05-11,null,null,null,null,null,null
2014-05-12,79.860001,79.919998,79.779999,79.900002,79.900002,0
2014-05-13,79.900002,80.180000,79.860001,80.139999,80.139999,0
2014-05-14,80.110001,80.129997,79.989998,80.070000,80.070000,0
2014-05-15,80.059998,80.339996,79.930000,80.000000,80.000000,0
2014-05-16,80.010002,80.120003,79.970001,80.040001,80.040001,0
2014-05-18,null,null,null,null,null,null
2014-05-19,80.050003,80.080002,79.879997,79.989998,79.989998,0
2014-05-20,80.029999,80.129997,80.000000,80.040001,80.040001,0
2014-05-21,80.040001,80.300003,79.889999,80.099998,80.099998,0
2014-05-22,80.070000,80.279999,80.070000,80.250000,80.250000,0
2014-05-23,80.230003,80.440002,80.230003,80.389999,80.389999,0
2014-05-25,null,null,null,null,null,null
2014-05-27,80.290001,80.470001,80.169998,80.349998,80.349998,0
2014-05-28,80.339996,80.580002,80.320000,80.570000,80.570000,0
2014-05-29,80.540001,80.559998,80.360001,80.489998,80.489998,0
2014-05-30,80.489998,80.500000,80.309998,80.370003,80.370003,0
2014-06-01,null,null,null,null,null,null
2014-06-02,80.400002,80.680000,80.389999,80.639999,80.639999,0
2014-06-03,80.629997,80.660004,80.430000,80.550003,80.550003,0
2014-06-04,80.559998,80.680000,80.480003,80.669998,80.669998,0
2014-06-05,80.660004,81.019997,80.320000,80.370003,80.370003,0
2014-06-06,80.360001,80.529999,80.239998,80.410004,80.410004,0
2014-06-08,null,null,null,null,null,null
2014-06-09,80.419998,80.690002,80.300003,80.650002,80.650002,0
2014-06-10,80.620003,80.860001,80.550003,80.820000,80.820000,0
2014-06-11,80.809998,80.900002,80.669998,80.790001,80.790001,0
2014-06-12,80.760002,80.820000,80.519997,80.580002,80.580002,0
2014-06-13,80.580002,80.709999,80.440002,80.580002,80.580002,0
2014-06-15,null,null,null,null,null,null
2014-06-16,80.599998,80.709999,80.419998,80.470001,80.470001,0
2014-06-17,80.449997,80.660004,80.400002,80.629997,80.629997,0
2014-06-18,80.610001,80.669998,80.360001,80.580002,80.580002,0
2014-06-19,80.410004,80.410004,80.150002,80.320000,80.320000,0
2014-06-20,80.309998,80.489998,80.199997,80.370003,80.370003,0
2014-06-22,null,null,null,null,null,null
2014-06-23,80.370003,80.400002,80.239998,80.260002,80.260002,0
2014-06-24,80.269997,80.430000,80.190002,80.330002,80.330002,0
2014-06-25,80.320000,80.349998,80.089996,80.220001,80.220001,0
2014-06-26,80.220001,80.379997,80.139999,80.230003,80.230003,0
2014-06-27,80.209999,80.220001,80.010002,80.040001,80.040001,0
2014-06-29,null,null,null,null,null,null
2014-06-30,80.010002,80.089996,79.760002,79.779999,79.779999,0
2014-07-01,79.790001,79.870003,79.739998,79.820000,79.820000,0
2014-07-02,79.809998,80.000000,79.800003,79.959999,79.959999,0
2014-07-03,null,null,null,null,null,null
2014-07-06,null,null,null,null,null,null
2014-07-07,80.260002,80.360001,80.190002,80.220001,80.220001,0
2014-07-08,80.220001,80.300003,80.139999,80.180000,80.180000,0
2014-07-09,80.169998,80.230003,79.980003,79.989998,79.989998,0
2014-07-10,80.019997,80.199997,79.980003,80.129997,80.129997,0
2014-07-11,80.129997,80.230003,80.029999,80.190002,80.190002,0
2014-07-13,null,null,null,null,null,null
2014-07-14,80.190002,80.250000,80.080002,80.190002,80.190002,0
2014-07-15,80.169998,80.410004,80.139999,80.389999,80.389999,0
2014-07-16,80.379997,80.580002,80.379997,80.559998,80.559998,0
2014-07-17,80.529999,80.589996,80.470001,80.519997,80.519997,0
2014-07-18,80.559998,80.690002,80.480003,80.519997,80.519997,0
2014-07-20,null,null,null,null,null,null
2014-07-21,80.519997,80.599998,80.419998,80.559998,80.559998,0
2014-07-22,80.559998,80.839996,80.540001,80.779999,80.779999,0
2014-07-23,80.779999,80.830002,80.720001,80.809998,80.809998,0
2014-07-24,80.820000,80.910004,80.730003,80.870003,80.870003,0
2014-07-25,80.860001,81.080002,80.800003,81.029999,81.029999,0
2014-07-27,null,null,null,null,null,null
2014-07-28,81.019997,81.050003,80.980003,81.029999,81.029999,0
2014-07-29,81.010002,81.250000,80.989998,81.209999,81.209999,0
2014-07-30,81.209999,81.550003,81.180000,81.419998,81.419998,0
2014-07-31,81.419998,81.570000,81.379997,81.459999,81.459999,0
2014-08-01,81.449997,81.540001,81.190002,81.300003,81.300003,0
2014-08-03,null,null,null,null,null,null
2014-08-04,81.300003,81.379997,81.290001,81.330002,81.330002,0
2014-08-05,81.309998,81.629997,81.290001,81.519997,81.519997,0
2014-08-06,81.540001,81.720001,81.400002,81.440002,81.440002,0
2014-08-07,81.419998,81.639999,81.379997,81.519997,81.519997,0
2014-08-08,81.529999,81.599998,81.260002,81.389999,81.389999,0
2014-08-10,null,null,null,null,null,null
2014-08-11,81.400002,81.489998,81.400002,81.470001,81.470001,0
2014-08-12,81.470001,81.680000,81.470001,81.500000,81.500000,0
2014-08-13,81.510002,81.680000,81.360001,81.599998,81.599998,0
2014-08-14,81.599998,81.690002,81.410004,81.589996,81.589996,0
2014-08-15,81.599998,81.620003,81.379997,81.419998,81.419998,0
2014-08-17,null,null,null,null,null,null
2014-08-18,81.419998,81.610001,81.379997,81.580002,81.580002,0
2014-08-19,81.589996,81.900002,81.580002,81.879997,81.879997,0
2014-08-20,81.870003,82.279999,81.870003,82.250000,82.250000,0
2014-08-21,82.239998,82.360001,82.099998,82.150002,82.150002,0
2014-08-22,82.160004,82.459999,82.059998,82.339996,82.339996,0
2014-08-24,null,null,null,null,null,null
2014-08-25,82.459999,82.610001,82.449997,82.550003,82.550003,0
2014-08-26,82.589996,82.699997,82.430000,82.650002,82.650002,0
2014-08-27,82.669998,82.730003,82.400002,82.430000,82.430000,0
2014-08-28,82.470001,82.589996,82.320000,82.480003,82.480003,0
2014-08-29,82.480003,82.750000,82.419998,82.750000,82.750000,0
2014-08-31,null,null,null,null,null,null
2014-09-02,82.760002,83.040001,82.750000,82.989998,82.989998,0
2014-09-03,82.970001,83.059998,82.830002,82.870003,82.870003,0
2014-09-04,82.839996,83.870003,82.839996,83.820000,83.820000,0
2014-09-05,83.839996,83.940002,83.559998,83.760002,83.760002,0
2014-09-07,null,null,null,null,null,null
2014-09-08,83.800003,84.349998,83.800003,84.230003,84.230003,0
2014-09-09,84.309998,84.519997,84.040001,84.279999,84.279999,0
2014-09-10,84.139999,84.419998,84.050003,84.250000,84.250000,0
2014-09-11,84.209999,84.339996,84.070000,84.300003,84.300003,0
2014-09-12,84.260002,84.410004,84.080002,84.239998,84.239998,0
2014-09-14,null,null,null,null,null,null
2014-09-15,84.180000,84.410004,84.150002,84.260002,84.260002,0
2014-09-16,84.239998,84.370003,83.860001,84.070000,84.070000,0
2014-09-17,84.099998,84.709999,83.940002,84.699997,84.699997,0
2014-09-18,84.739998,84.739998,84.220001,84.320000,84.320000,0
2014-09-19,84.279999,84.800003,84.230003,84.800003,84.800003,0
2014-09-21,null,null,null,null,null,null
2014-09-22,84.809998,84.860001,84.519997,84.669998,84.669998,0
2014-09-23,84.690002,84.760002,84.370003,84.660004,84.660004,0
2014-09-24,84.709999,85.089996,84.599998,85.050003,85.050003,0
2014-09-25,85.099998,85.489998,85.050003,85.199997,85.199997,0
2014-09-26,85.139999,85.690002,85.110001,85.639999,85.639999,0
2014-09-28,null,null,null,null,null,null
2014-09-29,85.620003,85.800003,85.459999,85.589996,85.589996,0
2014-09-30,85.610001,86.220001,85.489998,85.940002,85.940002,0
2014-10-01,85.910004,86.180000,85.779999,85.970001,85.970001,0
2014-10-02,85.860001,85.900002,85.449997,85.599998,85.599998,0
2014-10-03,85.629997,86.750000,85.629997,86.690002,86.690002,0
2014-10-05,null,null,null,null,null,null
2014-10-06,86.639999,86.680000,85.639999,85.709999,85.709999,0
2014-10-07,85.779999,86.099998,85.550003,85.669998,85.669998,0
2014-10-08,85.589996,85.919998,85.199997,85.300003,85.300003,0
2014-10-09,85.269997,85.669998,84.940002,85.519997,85.519997,0
2014-10-10,85.550003,85.980003,85.400002,85.910004,85.910004,0
2014-10-12,null,null,null,null,null,null
2014-10-13,85.820000,85.820000,85.410004,85.430000,85.430000,0
2014-10-14,85.260002,85.879997,85.250000,85.820000,85.820000,0
2014-10-15,85.900002,86.010002,84.470001,85.150002,85.150002,0
2014-10-16,84.910004,85.430000,84.739998,85.000000,85.000000,0
2014-10-17,84.910004,85.250000,84.760002,85.190002,85.190002,0
2014-10-19,null,null,null,null,null,null
2014-10-20,85.209999,85.379997,84.910004,84.949997,84.949997,0
2014-10-21,85.019997,85.330002,84.739998,85.309998,85.309998,0
2014-10-22,85.400002,85.790001,85.230003,85.739998,85.739998,0
2014-10-23,85.739998,85.940002,85.660004,85.839996,85.839996,0
2014-10-24,85.830002,85.910004,85.540001,85.730003,85.730003,0
2014-10-26,null,null,null,null,null,null
2014-10-27,85.690002,85.709999,85.410004,85.500000,85.500000,0
2014-10-28,85.570000,85.680000,85.239998,85.410004,85.410004,0
2014-10-29,85.400002,86.050003,85.190002,85.949997,85.949997,0
2014-10-30,85.980003,86.489998,85.980003,86.150002,86.150002,0
2014-10-31,86.180000,87.129997,86.150002,86.879997,86.879997,0
2014-11-02,null,null,null,null,null,null
2014-11-03,87.080002,87.410004,87.019997,87.309998,87.309998,0
2014-11-04,87.250000,87.300003,86.879997,86.980003,86.980003,0
2014-11-05,87.019997,87.610001,86.940002,87.440002,87.440002,0
2014-11-06,87.410004,88.150002,87.129997,88.010002,88.010002,0
2014-11-07,88.050003,88.190002,87.470001,87.639999,87.639999,0
2014-11-09,null,null,null,null,null,null
2014-11-10,87.559998,87.830002,87.220001,87.809998,87.809998,0
2014-11-11,87.800003,88.059998,87.370003,87.529999,87.529999,0
2014-11-12,87.620003,87.900002,87.400002,87.820000,87.820000,0
2014-11-13,87.809998,87.879997,87.620003,87.669998,87.669998,0
2014-11-14,87.830002,88.269997,87.400002,87.529999,87.529999,0
2014-11-16,null,null,null,null,null,null
2014-11-17,87.540001,87.970001,87.180000,87.930000,87.930000,0
2014-11-18,87.930000,87.970001,87.510002,87.580002,87.580002,0
2014-11-19,87.680000,87.779999,87.349998,87.650002,87.650002,0
2014-11-20,87.680000,87.940002,87.489998,87.589996,87.589996,0
2014-11-21,87.629997,88.389999,87.449997,88.309998,88.309998,0
2014-11-23,null,null,null,null,null,null
2014-11-24,88.279999,88.440002,88.070000,88.150002,88.150002,0
2014-11-25,88.199997,88.330002,87.820000,87.919998,87.919998,0
2014-11-26,87.849998,88.040001,87.519997,87.610001,87.610001,0
2014-11-28,null,null,null,null,null,null
2014-11-30,null,null,null,null,null,null
2014-12-01,88.230003,88.449997,87.779999,87.949997,87.949997,0
2014-12-02,87.980003,88.669998,87.949997,88.650002,88.650002,0
2014-12-03,88.599998,89.010002,88.580002,88.959999,88.959999,0
2014-12-04,88.940002,89.120003,88.209999,88.699997,88.699997,0
2014-12-05,88.580002,89.470001,88.580002,89.330002,89.330002,0
2014-12-07,null,null,null,null,null,null
2014-12-08,89.400002,89.550003,88.910004,89.040001,89.040001,0
2014-12-09,89.180000,89.269997,88.160004,88.690002,88.690002,0
2014-12-10,88.650002,88.809998,88.190002,88.269997,88.269997,0
2014-12-11,87.949997,88.790001,87.910004,88.660004,88.660004,0
2014-12-12,88.589996,88.639999,88.110001,88.360001,88.360001,0
2014-12-14,null,null,null,null,null,null
2014-12-15,88.209999,88.629997,88.169998,88.459999,88.459999,0
2014-12-16,88.440002,88.510002,87.629997,88.129997,88.129997,0
2014-12-17,88.019997,89.139999,87.900002,89.129997,89.129997,0
2014-12-18,89.129997,89.400002,88.919998,89.239998,89.239998,0
2014-12-19,89.239998,89.650002,89.180000,89.599998,89.599998,0
2014-12-21,null,null,null,null,null,null
2014-12-22,89.629997,89.790001,89.370003,89.769997,89.769997,0
2014-12-23,89.769997,90.160004,89.629997,90.059998,90.059998,0
2014-12-24,null,null,null,null,null,null
2014-12-26,89.870003,90.080002,89.779999,90.029999,90.029999,0
2014-12-28,null,null,null,null,null,null
2014-12-29,89.980003,90.269997,89.790001,90.190002,90.190002,0
2014-12-30,90.190002,90.330002,89.809998,89.989998,89.989998,0
2014-12-31,89.930000,90.300003,89.860001,90.269997,90.269997,0
2015-01-02,90.360001,91.160004,90.330002,91.080002,91.080002,0
2015-01-04,null,null,null,null,null,null
2015-01-05,91.129997,91.779999,91.129997,91.379997,91.379997,0
2015-01-06,91.379997,91.809998,91.120003,91.500000,91.500000,0
2015-01-07,91.750000,92.269997,91.650002,91.889999,91.889999,0
2015-01-08,91.940002,92.529999,91.940002,92.370003,92.370003,0
2015-01-09,92.309998,92.500000,91.900002,91.940002,91.940002,0
2015-01-11,null,null,null,null,null,null
2015-01-12,91.879997,92.339996,91.730003,91.980003,91.980003,0
2015-01-13,92.029999,92.430000,91.809998,92.309998,92.309998,0
2015-01-14,92.230003,92.419998,91.610001,92.160004,92.160004,0
2015-01-15,92.160004,92.750000,91.510002,92.349998,92.349998,0
2015-01-16,92.099998,93.260002,92.080002,92.519997,92.519997,0
2015-01-18,null,null,null,null,null,null
2015-01-20,92.660004,93.099998,92.550003,93.050003,93.050003,0
2015-01-21,93.070000,93.089996,92.150002,92.900002,92.900002,0
2015-01-22,92.889999,94.500000,92.480003,94.239998,94.239998,14290000
2015-01-23,94.209999,95.480003,94.110001,95.000000,95.000000,0
2015-01-25,null,null,null,null,null,null
2015-01-26,95.199997,95.330002,94.589996,94.800003,94.800003,0
2015-01-27,94.930000,95.010002,93.699997,94.019997,94.019997,9000000
2015-01-28,94.209999,94.690002,93.970001,94.470001,94.470001,0
2015-01-29,94.620003,95.010002,94.330002,94.779999,94.779999,0
2015-01-30,94.660004,94.919998,94.430000,94.800003,94.800003,0
2015-02-01,null,null,null,null,null,null
2015-02-02,94.839996,94.879997,94.370003,94.500000,94.500000,0
2015-02-03,94.570000,94.699997,93.250000,93.599998,93.599998,0
2015-02-04,93.739998,94.529999,93.610001,93.989998,93.989998,0
2015-02-05,93.599998,94.760002,93.519997,94.699997,94.699997,0
2015-02-06,93.599998,94.760002,93.519997,94.699997,94.699997,0
2015-02-08,null,null,null,null,null,null
2015-02-09,94.680000,94.879997,94.360001,94.449997,94.449997,0
2015-02-10,94.519997,94.879997,94.400002,94.760002,94.760002,0
2015-02-11,94.709999,95.120003,94.639999,94.989998,94.989998,0
2015-02-12,94.889999,94.970001,93.980003,94.089996,94.089996,0
2015-02-13,94.199997,94.309998,93.900002,94.199997,94.199997,0
2015-02-15,null,null,null,null,null,null
2015-02-17,94.400002,94.510002,93.800003,94.059998,94.059998,0
2015-02-18,94.150002,94.529999,93.989998,94.199997,94.199997,0
2015-02-19,94.089996,94.449997,93.839996,94.400002,94.400002,0
2015-02-20,94.419998,94.790001,94.050003,94.250000,94.250000,0
2015-02-22,null,null,null,null,null,null
2015-02-23,94.320000,94.919998,94.279999,94.570000,94.570000,0
2015-02-24,94.580002,94.989998,94.430000,94.489998,94.489998,0
2015-02-25,94.410004,94.480003,94.129997,94.209999,94.209999,0
2015-02-26,94.199997,95.360001,94.059998,95.290001,95.290001,0
2015-02-27,95.180000,95.360001,94.910004,95.250000,95.250000,0
2015-03-01,null,null,null,null,null,null
2015-03-02,95.260002,95.510002,95.059998,95.459999,95.459999,0
2015-03-03,95.489998,95.570000,95.099998,95.379997,95.379997,0
2015-03-04,95.379997,96.059998,95.320000,95.970001,95.970001,0
2015-03-05,95.970001,96.589996,95.839996,96.379997,96.379997,0
2015-03-06,96.360001,97.730003,96.300003,97.620003,97.620003,0
2015-03-08,null,null,null,null,null,null
2015-03-09,97.720001,97.779999,97.290001,97.589996,97.589996,0
2015-03-10,97.779999,98.809998,97.779999,98.620003,98.620003,0
2015-03-11,98.650002,99.989998,98.489998,99.800003,99.800003,0
2015-03-12,99.699997,100.059998,98.650002,99.150002,99.150002,0
2015-03-13,99.190002,100.389999,99.190002,100.330002,100.330002,0
2015-03-15,null,null,null,null,null,null
2015-03-16,100.260002,100.269997,99.320000,99.599998,99.599998,0
2015-03-17,99.669998,99.830002,99.230003,99.589996,99.589996,0
2015-03-18,99.599998,99.800003,96.629997,98.550003,98.550003,0
2015-03-19,97.800003,99.459999,97.209999,99.099998,99.099998,0
2015-03-20,99.040001,99.120003,97.449997,97.910004,97.910004,0
2015-03-22,null,null,null,null,null,null
2015-03-23,97.800003,98.239998,96.830002,97.029999,97.029999,0
2015-03-24,96.930000,97.379997,96.389999,97.190002,97.190002,0
2015-03-25,97.220001,97.300003,96.540001,96.980003,96.980003,0
2015-03-26,96.910004,97.550003,96.169998,97.440002,97.440002,0
2015-03-27,97.379997,97.919998,96.989998,97.290001,97.290001,0
2015-03-29,null,null,null,null,null,null
2015-03-30,97.389999,98.070000,97.389999,97.980003,97.980003,0
2015-03-31,97.919998,98.669998,97.830002,98.360001,98.360001,0
2015-04-01,98.419998,98.639999,97.980003,98.190002,98.190002,0
2015-04-02,98.180000,98.279999,97.330002,97.440002,97.440002,0
2015-04-05,null,null,null,null,null,null
2015-04-06,96.739998,97.239998,96.330002,97.110001,97.110001,0
2015-04-07,97.059998,98.019997,96.930000,97.830002,97.830002,0
2015-04-08,97.870003,98.199997,97.250000,98.070000,98.070000,0
2015-04-09,98.050003,99.180000,98.040001,99.160004,99.160004,0
2015-04-10,98.970001,99.690002,98.839996,99.389999,99.389999,0
2015-04-12,null,null,null,null,null,null
2015-04-13,99.349998,99.989998,99.230003,99.489998,99.489998,0
2015-04-14,99.449997,99.699997,98.370003,98.760002,98.760002,0
2015-04-15,98.779999,99.360001,98.220001,98.330002,98.330002,0
2015-04-16,98.400002,98.720001,97.279999,97.419998,97.419998,0
2015-04-17,97.629997,97.820000,97.000000,97.519997,97.519997,0
2015-04-19,null,null,null,null,null,null
2015-04-20,97.309998,98.070000,97.309998,97.940002,97.940002,0
2015-04-21,97.940002,98.459999,97.639999,97.980003,97.980003,0
2015-04-22,97.959999,98.120003,97.430000,98.019997,98.019997,0
2015-04-23,98.050003,98.430000,97.150002,97.279999,97.279999,0
2015-04-24,97.330002,97.559998,96.760002,96.919998,96.919998,0
2015-04-26,null,null,null,null,null,null
2015-04-27,96.900002,97.279999,96.470001,96.769997,96.769997,0
2015-04-28,96.790001,96.930000,96.010002,96.089996,96.089996,0
2015-04-29,96.129997,96.180000,94.680000,95.120003,95.120003,0
2015-04-30,95.209999,95.449997,94.400002,94.599998,94.599998,0
2015-05-01,94.830002,95.400002,94.500000,95.300003,95.300003,0
2015-05-03,null,null,null,null,null,null
2015-05-04,95.220001,95.639999,95.040001,95.480003,95.480003,0
2015-05-05,95.440002,95.949997,94.879997,95.129997,95.129997,0
2015-05-06,95.180000,95.220001,93.879997,94.129997,94.129997,0
2015-05-07,94.129997,94.830002,93.889999,94.620003,94.620003,0
2015-05-08,94.629997,95.070000,94.320000,94.790001,94.790001,0
2015-05-10,null,null,null,null,null,null
2015-05-11,94.800003,95.260002,94.800003,95.010002,95.010002,0
2015-05-12,95.050003,95.160004,94.239998,94.529999,94.529999,0
2015-05-13,94.559998,94.589996,93.459999,93.620003,93.620003,0
2015-05-14,93.660004,93.760002,93.129997,93.360001,93.360001,0
2015-05-15,93.400002,94.029999,93.139999,93.139999,93.139999,0
2015-05-17,null,null,null,null,null,null
2015-05-18,93.230003,94.269997,93.230003,94.190002,94.190002,0
2015-05-19,94.129997,95.470001,94.089996,95.269997,95.269997,0
2015-05-20,95.309998,95.839996,95.260002,95.449997,95.449997,0
2015-05-21,95.589996,95.650002,94.970001,95.260002,95.260002,0
2015-05-22,95.400002,96.269997,94.820000,96.010002,96.010002,0
2015-05-24,null,null,null,null,null,null
2015-05-26,96.370003,97.360001,96.370003,97.300003,97.300003,0
2015-05-27,97.209999,97.779999,96.889999,97.370003,97.370003,0
2015-05-28,97.279999,97.629997,96.870003,96.970001,96.970001,0
2015-05-29,96.879997,97.190002,96.750000,96.910004,96.910004,0
2015-05-31,null,null,null,null,null,null
2015-06-01,96.889999,97.680000,96.889999,97.389999,97.389999,0
2015-06-02,97.440002,97.529999,95.669998,95.839996,95.839996,0
2015-06-03,95.930000,96.510002,95.209999,95.470001,95.470001,0
2015-06-04,95.410004,95.580002,94.650002,95.459999,95.459999,0
2015-06-05,95.779999,96.910004,95.360001,96.309998,96.309998,0
2015-06-07,null,null,null,null,null,null
2015-06-08,96.339996,96.550003,95.050003,95.300003,95.300003,0
2015-06-09,95.250000,95.580002,94.849998,95.169998,95.169998,0
2015-06-10,95.139999,95.230003,94.320000,94.650002,94.650002,0
2015-06-11,94.699997,95.599998,94.699997,94.980003,94.980003,0
2015-06-12,95.089996,95.680000,94.690002,94.970001,94.970001,0
2015-06-14,null,null,null,null,null,null
2015-06-15,95.199997,95.389999,94.730003,94.809998,94.809998,0
2015-06-16,94.849998,95.230003,94.559998,95.000000,95.000000,0
2015-06-17,94.959999,95.180000,94.110001,94.300003,94.300003,0
2015-06-18,94.220001,94.230003,93.559998,94.040001,94.040001,0
2015-06-19,94.019997,94.500000,93.900002,94.089996,94.089996,0
2015-06-21,null,null,null,null,null,null
2015-06-22,94.059998,94.449997,93.809998,94.330002,94.330002,0
2015-06-23,94.300003,95.639999,94.300003,95.430000,95.430000,0
2015-06-24,95.379997,95.540001,94.930000,95.260002,95.260002,0
2015-06-25,95.269997,95.510002,95.089996,95.190002,95.190002,0
2015-06-26,95.169998,95.669998,95.080002,95.470001,95.470001,0
2015-06-28,null,null,null,null,null,null
2015-06-29,96.260002,96.370003,94.680000,94.790001,94.790001,0
2015-06-30,95.029999,95.680000,94.849998,95.489998,95.489998,0
2015-07-01,95.599998,96.349998,95.470001,96.309998,96.309998,0
2015-07-02,96.320000,96.419998,95.870003,96.110001,96.110001,0
2015-07-05,null,null,null,null,null,null
2015-07-06,95.940002,96.629997,95.940002,96.300003,96.300003,0
2015-07-07,96.279999,97.239998,96.279999,96.870003,96.870003,0
2015-07-08,96.680000,96.879997,96.120003,96.290001,96.290001,0
2015-07-09,96.230003,96.760002,95.970001,96.610001,96.610001,0
2015-07-10,96.370003,96.400002,95.449997,96.029999,96.029999,0
2015-07-12,null,null,null,null,null,null
2015-07-13,95.769997,96.860001,95.629997,96.860001,96.860001,0
2015-07-14,96.839996,97.050003,96.269997,96.639999,96.639999,0
2015-07-15,96.650002,97.309998,96.529999,97.129997,97.129997,0
2015-07-16,97.169998,97.760002,97.169998,97.660004,97.660004,0
2015-07-17,97.650002,97.980003,97.419998,97.860001,97.860001,0
2015-07-19,null,null,null,null,null,null
2015-07-20,97.959999,98.150002,97.739998,98.029999,98.029999,0
2015-07-21,98.010002,98.150002,97.139999,97.330002,97.330002,0
2015-07-22,97.339996,97.790001,97.110001,97.599998,97.599998,0
2015-07-23,97.449997,97.510002,96.889999,97.120003,97.120003,0
2015-07-24,97.180000,97.620003,97.120003,97.239998,97.239998,0
2015-07-26,null,null,null,null,null,null
2015-07-27,97.199997,97.290001,96.290001,96.500000,96.500000,0
2015-07-28,96.580002,96.970001,96.470001,96.769997,96.769997,0
2015-07-29,96.650002,97.250000,96.500000,96.980003,96.980003,0
2015-07-30,97.139999,97.769997,97.139999,97.559998,97.559998,0
2015-07-31,97.470001,97.599998,96.309998,97.370003,97.370003,0
2015-08-02,null,null,null,null,null,null
2015-08-03,97.220001,97.580002,97.160004,97.489998,97.489998,0
2015-08-04,97.480003,98.000000,97.209999,97.930000,97.930000,0
2015-08-05,97.910004,98.220001,97.639999,97.959999,97.959999,0
2015-08-06,97.889999,98.160004,97.629997,97.830002,97.830002,0
2015-08-07,97.790001,98.330002,97.510002,97.559998,97.559998,0
2015-08-09,null,null,null,null,null,null
2015-08-10,97.570000,97.919998,97.040001,97.160004,97.160004,0
2015-08-11,97.180000,97.589996,96.879997,97.290001,97.290001,0
2015-08-12,97.180000,97.330002,95.930000,96.260002,96.260002,0
2015-08-13,96.339996,96.809998,96.120003,96.449997,96.449997,0
2015-08-14,96.379997,96.680000,96.089996,96.570000,96.570000,0
2015-08-16,null,null,null,null,null,null
2015-08-17,96.589996,96.940002,96.510002,96.820000,96.820000,0
2015-08-18,96.839996,97.070000,96.680000,96.970001,96.970001,0
2015-08-19,97.010002,97.080002,96.339996,96.459999,96.459999,0
2015-08-20,96.449997,96.580002,95.720001,95.750000,95.750000,0
2015-08-21,95.809998,95.820000,94.820000,94.830002,94.830002,0
2015-08-23,null,null,null,null,null,null
2015-08-24,94.860001,94.959999,92.620003,93.309998,93.309998,0
2015-08-25,93.379997,94.690002,93.379997,94.529999,94.529999,0
2015-08-26,93.959999,95.440002,93.720001,95.099998,95.099998,0
2015-08-27,95.190002,96.029999,94.989998,95.610001,95.610001,0
2015-08-28,95.760002,96.320000,95.379997,96.110001,96.110001,0
2015-08-30,null,null,null,null,null,null
2015-08-31,96.139999,96.250000,95.620003,95.949997,95.949997,0
2015-09-01,95.930000,95.930000,95.190002,95.449997,95.449997,0
2015-09-02,95.419998,95.949997,95.419998,95.830002,95.830002,0
2015-09-03,95.959999,96.620003,95.790001,96.410004,96.410004,0
2015-09-04,96.370003,96.580002,95.970001,96.230003,96.230003,0
2015-09-06,null,null,null,null,null,null
2015-09-08,96.150002,96.239998,95.730003,95.879997,95.879997,0
2015-09-09,95.839996,96.410004,95.839996,96.010002,96.010002,0
2015-09-10,95.930000,96.199997,95.400002,95.459999,95.459999,0
2015-09-11,95.440002,95.690002,95.120003,95.190002,95.190002,0
2015-09-13,null,null,null,null,null,null
2015-09-14,95.180000,95.449997,94.910004,95.250000,95.250000,0
2015-09-15,95.309998,95.680000,95.129997,95.610001,95.610001,0
2015-09-16,95.589996,95.849998,95.160004,95.419998,95.419998,0
2015-09-17,95.300003,95.389999,94.360001,94.550003,94.550003,0
2015-09-18,94.650002,95.379997,94.059998,94.860001,94.860001,0
2015-09-20,null,null,null,null,null,null
2015-09-21,95.320000,95.980003,95.040001,95.889999,95.889999,0
2015-09-22,95.919998,96.400002,95.760002,96.279999,96.279999,0
2015-09-23,96.309998,96.550003,96.019997,96.070000,96.070000,0
2015-09-24,96.250000,96.300003,95.459999,95.989998,95.989998,0
2015-09-25,96.250000,96.699997,96.120003,96.269997,96.269997,0
2015-09-27,null,null,null,null,null,null
2015-09-28,96.260002,96.500000,95.900002,96.029999,96.029999,0
2015-09-29,96.029999,96.239998,95.709999,95.889999,95.889999,0
2015-09-30,95.919998,96.410004,95.849998,96.349998,96.349998,0
2015-10-01,96.269997,96.489998,95.970001,96.190002,96.190002,0
2015-10-02,96.139999,96.379997,95.220001,95.830002,95.830002,0
2015-10-04,null,null,null,null,null,null
2015-10-05,95.820000,96.169998,95.449997,96.110001,96.110001,0
2015-10-06,96.050003,96.160004,95.400002,95.459999,95.459999,0
2015-10-07,95.470001,95.699997,95.330002,95.500000,95.500000,0
2015-10-08,95.570000,95.610001,94.980003,95.320000,95.320000,0
2015-10-09,95.230003,95.339996,94.690002,94.809998,94.809998,0
2015-10-11,null,null,null,null,null,null
2015-10-12,94.849998,94.879997,94.620003,94.839996,94.839996,0
2015-10-13,94.900002,94.980003,94.540001,94.760002,94.760002,0
2015-10-14,94.760002,94.760002,93.849998,93.930000,93.930000,0
2015-10-15,93.959999,94.589996,93.809998,94.370003,94.370003,0
2015-10-16,94.470001,94.769997,94.370003,94.540001,94.540001,0
2015-10-18,null,null,null,null,null,null
2015-10-19,94.680000,95.000000,94.550003,94.959999,94.959999,0
2015-10-20,94.940002,94.949997,94.589996,94.849998,94.849998,0
2015-10-21,94.849998,95.059998,94.720001,95.050003,95.050003,0
2015-10-22,95.040001,96.419998,94.940002,96.339996,96.339996,0
2015-10-23,96.400002,97.199997,96.150002,97.070000,97.070000,0
2015-10-25,null,null,null,null,null,null
2015-10-26,97.040001,97.080002,96.680000,96.860001,96.860001,0
2015-10-27,96.809998,96.970001,96.580002,96.910004,96.910004,0
2015-10-28,96.959999,97.820000,96.470001,97.779999,97.779999,0
2015-10-29,97.620003,97.690002,97.190002,97.279999,97.279999,0
2015-10-30,97.199997,97.349998,96.580002,96.949997,96.949997,0
2015-11-01,null,null,null,null,null,null
2015-11-02,96.919998,96.970001,96.639999,96.930000,96.930000,0
2015-11-03,96.900002,97.480003,96.769997,97.160004,97.160004,0
2015-11-04,97.199997,98.050003,97.169998,97.949997,97.949997,0
2015-11-05,97.930000,98.139999,97.750000,97.940002,97.940002,0
2015-11-06,97.949997,99.349998,97.889999,99.160004,99.160004,0
2015-11-08,null,null,null,null,null,null
2015-11-09,99.190002,99.260002,98.820000,98.980003,98.980003,0
2015-11-10,99.010002,99.500000,98.940002,99.290001,99.290001,0
2015-11-11,99.099998,99.239998,98.779999,99.010002,99.010002,0
2015-11-12,98.820000,99.290001,98.430000,98.650002,98.650002,0
2015-11-13,98.570000,99.209999,98.529999,98.989998,98.989998,0
2015-11-15,null,null,null,null,null,null
2015-11-16,98.970001,99.459999,98.870003,99.440002,99.440002,0
2015-11-17,99.400002,99.750000,99.360001,99.629997,99.629997,0
2015-11-18,99.660004,99.849998,99.309998,99.650002,99.650002,0
2015-11-19,99.419998,99.480003,98.739998,98.989998,98.989998,0
2015-11-20,99.110001,99.650002,99.000000,99.570000,99.570000,0
2015-11-22,null,null,null,null,null,null
2015-11-23,99.610001,100.000000,99.529999,99.800003,99.800003,0
2015-11-24,99.669998,99.790001,99.470001,99.529999,99.529999,0
2015-11-25,99.550003,100.169998,99.309998,99.800003,99.800003,0
2015-11-27,99.860001,100.199997,99.660004,100.019997,100.019997,0
2015-11-29,null,null,null,null,null,null
2015-11-30,100.080002,100.309998,100.050003,100.169998,100.169998,0
2015-12-01,100.250000,100.260002,99.720001,99.800003,99.800003,0
2015-12-02,99.830002,100.510002,99.800003,99.989998,99.989998,0
2015-12-03,100.010002,100.470001,97.589996,97.620003,97.620003,0
2015-12-04,97.820000,98.610001,97.750000,98.349998,98.349998,0
2015-12-06,null,null,null,null,null,null
2015-12-07,98.349998,98.900002,98.300003,98.660004,98.660004,0
2015-12-08,98.730003,98.760002,98.370003,98.470001,98.470001,0
2015-12-09,98.440002,98.519997,97.220001,97.349998,97.349998,0
2015-12-10,97.410004,97.989998,97.360001,97.940002,97.940002,0
2015-12-11,97.980003,98.099998,97.330002,97.570000,97.570000,0
2015-12-13,null,null,null,null,null,null
2015-12-14,97.620003,97.930000,97.279999,97.599998,97.599998,0
2015-12-15,97.639999,98.290001,97.190002,98.220001,98.220001,0
2015-12-16,98.180000,98.559998,97.660004,97.870003,97.870003,0
2015-12-17,98.559998,99.290001,98.529999,99.269997,99.269997,0
2015-12-18,99.010002,99.180000,98.639999,98.699997,98.699997,0
2015-12-20,null,null,null,null,null,null
2015-12-21,98.720001,98.839996,98.290001,98.459999,98.459999,0
2015-12-22,98.449997,98.510002,98.000000,98.239998,98.239998,0
2015-12-23,98.209999,98.599998,98.190002,98.339996,98.339996,0
2015-12-24,98.339996,98.379997,97.860001,97.980003,97.980003,0
2015-12-27,null,null,null,null,null,null
2015-12-28,97.849998,98.029999,97.809998,97.919998,97.919998,0
2015-12-29,97.900002,98.410004,97.800003,98.099998,98.099998,0
2015-12-30,98.199997,98.410004,98.110001,98.269997,98.269997,0
2015-12-31,98.209999,98.750000,98.180000,98.629997,98.629997,0
2016-01-03,null,null,null,null,null,null
2016-01-04,98.690002,99.180000,98.050003,98.870003,98.870003,0
2016-01-05,98.870003,99.629997,98.750000,99.400002,99.400002,0
2016-01-06,99.389999,99.580002,99.110001,99.180000,99.180000,0
2016-01-07,99.220001,99.300003,98.169998,98.220001,98.220001,0
2016-01-08,98.309998,99.180000,98.269997,98.540001,98.540001,0
2016-01-10,null,null,null,null,null,null
2016-01-11,98.370003,98.900002,98.250000,98.730003,98.730003,0
2016-01-12,98.800003,99.279999,98.570000,98.970001,98.970001,0
2016-01-13,99.029999,99.330002,98.860001,98.930000,98.930000,0
2016-01-14,98.820000,99.260002,98.589996,99.089996,99.089996,0
2016-01-15,99.099998,99.120003,98.379997,98.959999,98.959999,0
2016-01-17,null,null,null,null,null,null
2016-01-18,98.800003,99.199997,98.800003,99.120003,99.120003,0
2016-01-19,99.129997,99.309998,98.860001,98.989998,98.989998,0
2016-01-20,99.019997,99.190002,98.629997,99.089996,99.089996,0
2016-01-21,99.180000,99.800003,98.910004,99.059998,99.059998,0
2016-01-22,99.180000,99.589996,99.110001,99.570000,99.570000,0
2016-01-24,null,null,null,null,null,null
2016-01-25,99.500000,99.550003,99.230003,99.360001,99.360001,0
2016-01-26,99.300003,99.459999,99.019997,99.360001,99.360001,0
2016-01-27,99.029999,99.160004,98.709999,98.900002,98.900002,0
2016-01-28,98.889999,99.110001,98.430000,98.510002,98.510002,0
2016-01-29,98.620003,99.830002,98.580002,99.610001,99.610001,0
2016-01-31,null,null,null,null,null,null
2016-02-01,99.540001,99.629997,98.930000,99.000000,99.000000,0
2016-02-02,98.989998,99.089996,98.779999,98.870003,98.870003,0
2016-02-03,98.830002,98.940002,96.889999,97.290001,97.290001,0
2016-02-04,97.300003,97.470001,96.260002,96.470001,96.470001,0
2016-02-05,96.559998,97.269997,96.320000,97.029999,97.029999,0
2016-02-07,null,null,null,null,null,null
2016-02-08,96.959999,97.480003,96.540001,96.570000,96.570000,0
2016-02-09,96.720001,96.830002,95.660004,96.070000,96.070000,0
2016-02-10,96.050003,96.720001,95.760002,95.889999,95.889999,0
2016-02-11,95.889999,95.900002,95.239998,95.559998,95.559998,0
2016-02-12,95.500000,96.220001,95.459999,95.980003,95.980003,0
2016-02-14,null,null,null,null,null,null
2016-02-15,96.080002,96.879997,96.040001,96.699997,96.699997,0
2016-02-16,96.570000,96.989998,96.379997,96.870003,96.870003,0
2016-02-17,96.940002,97.099998,96.629997,96.790001,96.790001,0
2016-02-18,96.889999,97.089996,96.690002,96.949997,96.949997,0
2016-02-19,96.870003,97.169998,96.559998,96.599998,96.599998,0
2016-02-21,null,null,null,null,null,null
2016-02-22,96.599998,97.599998,96.599998,97.379997,97.379997,0
2016-02-23,97.349998,97.580002,97.139999,97.480003,97.480003,0
2016-02-24,97.480003,97.919998,97.230003,97.459999,97.459999,0
2016-02-25,97.489998,97.720001,97.220001,97.290001,97.290001,0
2016-02-26,97.400002,98.260002,97.099998,98.150002,98.150002,0
2016-02-28,null,null,null,null,null,null
2016-02-29,98.169998,98.370003,97.800003,98.209999,98.209999,0
2016-03-01,98.180000,98.570000,98.089996,98.349998,98.349998,0
2016-03-02,98.260002,98.580002,98.120003,98.209999,98.209999,0
2016-03-03,98.199997,98.349998,97.459999,97.570000,97.570000,0
2016-03-04,97.669998,98.029999,97.019997,97.339996,97.339996,0
2016-03-06,null,null,null,null,null,null
2016-03-07,97.230003,97.699997,97.040001,97.070000,97.070000,0
2016-03-08,97.089996,97.269997,96.889999,97.209999,97.209999,0
2016-03-09,97.220001,97.570000,96.930000,97.169998,97.169998,0
2016-03-10,97.230003,98.419998,95.940002,96.070000,96.070000,0
2016-03-11,96.180000,96.720001,95.940002,96.169998,96.169998,0
2016-03-13,null,null,null,null,null,null
2016-03-14,96.199997,96.709999,96.139999,96.620003,96.620003,0
2016-03-15,96.589996,96.870003,96.470001,96.629997,96.629997,0
2016-03-16,96.639999,97.059998,95.540001,95.889999,95.889999,0
2016-03-17,95.750000,95.830002,94.650002,94.760002,94.760002,0
2016-03-18,94.769997,95.169998,94.580002,94.989998,94.989998,0
2016-03-20,null,null,null,null,null,null
2016-03-21,95.050003,95.400002,95.000000,95.290001,95.290001,0
2016-03-22,95.430000,95.750000,95.260002,95.650002,95.650002,0
2016-03-23,95.629997,96.230003,95.620003,96.050003,96.050003,0
2016-03-24,96.059998,96.360001,96.040001,96.139999,96.139999,0
2016-03-27,null,null,null,null,null,null
2016-03-28,96.279999,96.400002,95.839996,95.940002,95.940002,0
2016-03-29,95.949997,96.220001,95.089996,95.160004,95.160004,0
2016-03-30,95.199997,95.220001,94.589996,94.839996,94.839996,0
2016-03-31,94.839996,95.029999,94.320000,94.589996,94.589996,0
2016-04-01,94.639999,95.110001,94.330002,94.620003,94.620003,0
2016-04-03,null,null,null,null,null,null
2016-04-04,94.620003,94.830002,94.410004,94.510002,94.510002,0
2016-04-05,94.570000,94.980003,94.449997,94.629997,94.629997,0
2016-04-06,94.589996,95.070000,94.239998,94.430000,94.430000,0
2016-04-07,94.480003,94.669998,94.019997,94.480003,94.480003,0
2016-04-08,94.540001,94.680000,94.089996,94.239998,94.239998,0
2016-04-10,null,null,null,null,null,null
2016-04-11,94.190002,94.339996,93.750000,93.949997,93.949997,0
2016-04-12,93.970001,94.389999,93.629997,93.959999,93.959999,0
2016-04-13,94.050003,94.849998,94.000000,94.739998,94.739998,0
2016-04-14,94.809998,95.199997,94.680000,94.900002,94.900002,0
2016-04-15,94.940002,95.050003,94.510002,94.699997,94.699997,0
2016-04-17,null,null,null,null,null,null
2016-04-18,94.699997,94.830002,94.379997,94.489998,94.489998,0
2016-04-19,94.489998,94.550003,93.930000,93.980003,93.980003,0
2016-04-20,94.129997,94.589996,93.940002,94.489998,94.489998,0
2016-04-21,94.529999,94.699997,93.919998,94.599998,94.599998,0
2016-04-22,94.620003,95.199997,94.470001,95.120003,95.120003,0
2016-04-24,null,null,null,null,null,null
2016-04-25,95.110001,95.110001,94.680000,94.839996,94.839996,0
2016-04-26,94.779999,94.809998,94.209999,94.570000,94.570000,0
2016-04-27,94.529999,94.800003,94.150002,94.389999,94.389999,0
2016-04-28,94.379997,94.580002,93.690002,93.760002,93.760002,0
2016-04-29,93.800003,93.800003,93.010002,93.080002,93.080002,0
2016-05-01,null,null,null,null,null,null
2016-05-02,93.019997,93.070000,92.540001,92.629997,92.629997,0
2016-05-03,92.599998,92.989998,91.919998,92.940002,92.940002,0
2016-05-04,92.980003,93.360001,92.849998,93.180000,93.180000,0
2016-05-05,93.220001,93.860001,93.169998,93.779999,93.779999,0
2016-05-06,93.739998,93.959999,93.279999,93.889999,93.889999,0
2016-05-08,null,null,null,null,null,null
2016-05-09,93.830002,94.199997,93.800003,94.150002,94.150002,0
2016-05-10,94.129997,94.360001,94.029999,94.290001,94.290001,0
2016-05-11,94.260002,94.260002,93.680000,93.820000,93.820000,0
2016-05-12,93.849998,94.190002,93.800003,94.139999,94.139999,0
2016-05-13,94.129997,94.849998,94.120003,94.610001,94.610001,0
2016-05-15,null,null,null,null,null,null
2016-05-16,94.570000,94.680000,94.400002,94.570000,94.570000,0
2016-05-17,94.570000,94.709999,94.330002,94.550003,94.550003,0
2016-05-18,94.570000,95.269997,94.529999,95.080002,95.080002,0
2016-05-19,95.139999,95.500000,95.120003,95.290001,95.290001,0
2016-05-20,95.290001,95.459999,95.169998,95.309998,95.309998,0
2016-05-22,null,null,null,null,null,null
2016-05-23,95.290001,95.480003,95.099998,95.230003,95.230003,0
2016-05-24,95.260002,95.660004,95.199997,95.570000,95.570000,0
2016-05-25,95.620003,95.660004,95.330002,95.349998,95.349998,0
2016-05-26,95.419998,95.419998,94.940002,95.169998,95.169998,0
2016-05-27,95.139999,95.779999,95.080002,95.519997,95.519997,0
2016-05-29,null,null,null,null,null,null
2016-05-31,95.660004,95.889999,95.459999,95.889999,95.889999,0
2016-06-01,95.820000,95.900002,95.339996,95.459999,95.459999,0
2016-06-02,95.430000,95.589996,95.150002,95.559998,95.559998,0
2016-06-03,95.550003,95.639999,93.870003,94.029999,94.029999,0
2016-06-05,null,null,null,null,null,null
2016-06-06,93.870003,94.269997,93.750000,93.900002,93.900002,0
2016-06-07,94.010002,94.089996,93.750000,93.830002,93.830002,0
2016-06-08,93.860001,93.870003,93.430000,93.589996,93.589996,0
2016-06-09,93.550003,94.120003,93.430000,94.099998,94.099998,0
2016-06-10,94.089996,94.709999,94.050003,94.599998,94.599998,0
2016-06-12,null,null,null,null,null,null
2016-06-13,94.639999,94.750000,94.239998,94.370003,94.370003,0
2016-06-14,94.360001,95.029999,94.320000,94.930000,94.930000,0
2016-06-15,94.910004,95.040001,94.360001,94.610001,94.610001,0
2016-06-16,94.599998,95.320000,94.209999,94.570000,94.570000,0
2016-06-17,94.570000,94.589996,94.070000,94.209999,94.209999,0
2016-06-19,null,null,null,null,null,null
2016-06-20,93.779999,93.779999,93.449997,93.610001,93.610001,0
2016-06-21,93.610001,94.139999,93.430000,94.019997,94.019997,0
2016-06-22,94.050003,94.120003,93.419998,93.720001,93.720001,0
2016-06-23,93.500000,93.610001,93.019997,93.529999,93.529999,0
2016-06-24,93.449997,96.699997,93.449997,95.449997,95.449997,0
2016-06-26,null,null,null,null,null,null
2016-06-27,95.529999,96.709999,95.529999,96.540001,96.540001,0
2016-06-28,96.410004,96.410004,95.769997,96.250000,96.250000,0
2016-06-29,96.040001,96.199997,95.589996,95.769997,95.769997,0
2016-06-30,95.669998,96.419998,95.440002,96.139999,96.139999,0
2016-07-01,95.889999,96.080002,95.410004,95.650002,95.650002,0
2016-07-03,null,null,null,null,null,null
2016-07-05,95.550003,96.250000,95.339996,96.169998,96.169998,0
2016-07-06,96.260002,96.500000,95.980003,96.059998,96.059998,0
2016-07-07,96.139999,96.339996,95.919998,96.330002,96.330002,0
2016-07-08,96.290001,96.699997,95.830002,96.300003,96.300003,0
2016-07-10,null,null,null,null,null,null
2016-07-11,96.279999,96.790001,96.269997,96.570000,96.570000,0
2016-07-12,96.550003,96.639999,96.070000,96.440002,96.440002,0
2016-07-13,96.510002,96.599998,96.089996,96.220001,96.220001,0
2016-07-14,96.269997,96.370003,95.830002,96.080002,96.080002,0
2016-07-15,96.129997,96.730003,95.910004,96.580002,96.580002,0
2016-07-17,null,null,null,null,null,null
2016-07-18,96.589996,96.709999,96.470001,96.559998,96.559998,0
2016-07-19,96.540001,97.150002,96.519997,97.050003,97.050003,0
2016-07-20,97.059998,97.320000,96.989998,97.199997,97.199997,0
2016-07-21,97.129997,97.209999,96.730003,97.000000,97.000000,0
2016-07-22,96.919998,97.540001,96.830002,97.470001,97.470001,0
2016-07-24,null,null,null,null,null,null
2016-07-25,97.349998,97.570000,97.220001,97.290001,97.290001,0
2016-07-26,97.279999,97.320000,96.849998,97.160004,97.160004,0
2016-07-27,97.129997,97.529999,96.669998,97.050003,97.050003,0
2016-07-28,96.730003,96.769997,96.290001,96.739998,96.739998,0
2016-07-29,96.629997,96.629997,95.379997,95.529999,95.529999,0
2016-07-31,null,null,null,null,null,null
2016-08-01,95.510002,95.820000,95.510002,95.709999,95.709999,0
2016-08-02,95.820000,95.849998,95.000000,95.059998,95.059998,0
2016-08-03,95.129997,95.610001,95.129997,95.559998,95.559998,0
2016-08-04,95.540001,95.900002,95.419998,95.760002,95.760002,0
2016-08-05,95.790001,96.519997,95.550003,96.190002,96.190002,0
2016-08-07,null,null,null,null,null,null
2016-08-08,96.220001,96.470001,96.150002,96.400002,96.400002,0
2016-08-09,96.379997,96.519997,96.080002,96.180000,96.180000,0
2016-08-10,96.120003,96.120003,95.440002,95.650002,95.650002,0
2016-08-11,95.570000,95.970001,95.510002,95.860001,95.860001,0
2016-08-12,95.919998,95.989998,95.250000,95.720001,95.720001,0
2016-08-14,null,null,null,null,null,null
2016-08-15,95.680000,95.800003,95.470001,95.629997,95.629997,0
2016-08-16,95.610001,95.660004,94.430000,94.790001,94.790001,0
2016-08-17,94.800003,95.099998,94.510002,94.720001,94.720001,0
2016-08-18,94.699997,94.699997,94.080002,94.160004,94.160004,0
2016-08-19,94.230003,94.629997,94.220001,94.510002,94.510002,0
2016-08-21,null,null,null,null,null,null
2016-08-22,94.500000,94.959999,94.440002,94.519997,94.519997,0
2016-08-23,94.550003,94.580002,94.209999,94.540001,94.540001,0
2016-08-24,94.550003,94.910004,94.510002,94.790001,94.790001,0
2016-08-25,94.779999,94.830002,94.589996,94.769997,94.769997,0
2016-08-26,94.709999,95.589996,94.250000,95.570000,95.570000,0
2016-08-28,null,null,null,null,null,null
2016-08-29,95.459999,95.830002,95.459999,95.580002,95.580002,0
2016-08-30,95.570000,96.139999,95.529999,96.050003,96.050003,0
2016-08-31,96.010002,96.260002,95.900002,96.019997,96.019997,0
2016-09-01,95.989998,96.239998,95.599998,95.650002,95.650002,0
2016-09-02,95.660004,95.959999,95.190002,95.879997,95.879997,0
2016-09-04,null,null,null,null,null,null
2016-09-06,95.800003,95.860001,94.769997,94.820000,94.820000,0
2016-09-07,94.900002,95.059998,94.690002,94.959999,94.959999,0
2016-09-08,94.940002,95.139999,94.470001,95.029999,95.029999,0
2016-09-09,94.949997,95.580002,94.800003,95.339996,95.339996,0
2016-09-11,null,null,null,null,null,null
2016-09-12,95.300003,95.449997,94.940002,95.099998,95.099998,0
2016-09-13,95.120003,95.669998,95.080002,95.629997,95.629997,0
2016-09-14,95.559998,95.660004,95.199997,95.330002,95.330002,0
2016-09-15,95.339996,95.559998,95.080002,95.290001,95.290001,0
2016-09-16,95.230003,96.110001,95.220001,96.110001,96.110001,0
2016-09-18,null,null,null,null,null,null
2016-09-19,96.040001,96.059998,95.650002,95.839996,95.839996,0
2016-09-20,95.830002,96.040001,95.599998,96.019997,96.019997,0
2016-09-21,96.000000,96.330002,95.489998,95.660004,95.660004,0
2016-09-22,95.500000,95.529999,95.050003,95.449997,95.449997,0
2016-09-23,95.370003,95.680000,95.339996,95.480003,95.480003,0
2016-09-25,null,null,null,null,null,null
2016-09-26,95.510002,95.529999,95.129997,95.309998,95.309998,0
2016-09-27,95.320000,95.669998,95.239998,95.440002,95.440002,0
2016-09-28,95.449997,95.739998,95.370003,95.430000,95.430000,0
2016-09-29,95.370003,95.680000,95.330002,95.540001,95.540001,0
2016-09-30,95.510002,95.959999,95.339996,95.459999,95.459999,0
2016-10-02,null,null,null,null,null,null
2016-10-03,95.419998,95.800003,95.419998,95.750000,95.750000,0
2016-10-04,95.720001,96.440002,95.720001,96.120003,96.120003,0
2016-10-05,96.099998,96.309998,95.959999,96.129997,96.129997,0
2016-10-06,96.150002,96.769997,96.120003,96.660004,96.660004,0
2016-10-07,97.139999,97.190002,96.400002,96.519997,96.519997,0
2016-10-09,null,null,null,null,null,null
2016-10-11,96.900002,97.730003,96.900002,97.699997,97.699997,0
2016-10-12,97.550003,98.040001,97.459999,97.970001,97.970001,0
2016-10-13,97.989998,98.129997,97.510002,97.519997,97.519997,0
2016-10-14,97.529999,98.120003,97.510002,98.019997,98.019997,0
2016-10-16,null,null,null,null,null,null
2016-10-17,98.059998,98.169998,97.809998,97.889999,97.889999,0
2016-10-18,97.870003,97.959999,97.610001,97.900002,97.900002,0
2016-10-19,97.889999,97.970001,97.629997,97.870003,97.870003,0
2016-10-20,97.849998,98.400002,97.660004,98.320000,98.320000,0
2016-10-21,98.320000,98.809998,98.309998,98.699997,98.699997,0
2016-10-23,null,null,null,null,null,null
2016-10-24,98.620003,98.849998,98.540001,98.669998,98.669998,0
2016-10-25,98.760002,99.120003,98.610001,98.720001,98.720001,0
2016-10-26,98.690002,98.839996,98.339996,98.629997,98.629997,0
2016-10-27,98.620003,99.029999,98.500000,98.889999,98.889999,0