DATE,USD12MD156N
2010-10-28,0.76400
2010-10-29,0.76219
2010-11-01,0.76038
2010-11-02,0.76038
2010-11-03,0.76038
2010-11-04,0.75600
2010-11-05,0.75525
2010-11-08,0.75556
2010-11-09,0.75875
2010-11-10,0.75906
2010-11-11,0.75906
2010-11-12,0.76281
2010-11-15,0.76481
2010-11-16,0.76250
2010-11-17,0.76250
2010-11-18,0.76325
2010-11-19,0.76313
2010-11-22,0.76313
2010-11-23,0.76313
2010-11-24,0.76650
2010-11-25,0.78025
2010-11-26,0.78463
2010-11-29,0.78494
2010-11-30,0.78656
2010-12-01,0.79000
2010-12-02,0.79000
2010-12-03,0.78794
2010-12-06,0.78250
2010-12-07,0.78125
2010-12-08,0.78250
2010-12-09,0.78250
2010-12-10,0.78250
2010-12-13,0.78500
2010-12-14,0.78375
2010-12-15,0.78344
2010-12-16,0.78513
2010-12-17,0.78388
2010-12-20,0.78325
2010-12-21,0.78325
2010-12-22,0.78313
2010-12-23,0.78313
2010-12-24,0.78313
2010-12-27,.
2010-12-28,.
2010-12-29,0.78313
2010-12-30,0.78156
2010-12-31,0.78094
2011-01-03,.
2011-01-04,0.78094
2011-01-05,0.78094
2011-01-06,0.78525
2011-01-07,0.78550
2011-01-10,0.78400
2011-01-11,0.78388
2011-01-12,0.78375
2011-01-13,0.78375
2011-01-14,0.78219
2011-01-17,0.77969
2011-01-18,0.77906
2011-01-19,0.78031
2011-01-20,0.78031
2011-01-21,0.78063
2011-01-24,0.78094
2011-01-25,0.78094
2011-01-26,0.78125
2011-01-27,0.78125
2011-01-28,0.78063
2011-01-31,0.78125
2011-02-01,0.78550
2011-02-02,0.78605
2011-02-03,0.78860
2011-02-04,0.79125
2011-02-07,0.79275
2011-02-08,0.79325
2011-02-09,0.79900
2011-02-10,0.79700
2011-02-11,0.79650
2011-02-14,0.79750
2011-02-15,0.79875
2011-02-16,0.79775
2011-02-17,0.79575
2011-02-18,0.79500
2011-02-21,0.79300
2011-02-22,0.79275
2011-02-23,0.79375
2011-02-24,0.79125
2011-02-25,0.79225
2011-02-28,0.79025
2011-03-01,0.78875
2011-03-02,0.78625
2011-03-03,0.78725
2011-03-04,0.79200
2011-03-07,0.78650
2011-03-08,0.78450
2011-03-09,0.78550
2011-03-10,0.78550
2011-03-11,0.78000
2011-03-14,0.77750
2011-03-15,0.76850
2011-03-16,0.77150
2011-03-17,0.77250
2011-03-18,0.77050
2011-03-21,0.77200
2011-03-22,0.77450
2011-03-23,0.77450
2011-03-24,0.77550
2011-03-25,0.77650
2011-03-28,0.77950
2011-03-29,0.77950
2011-03-30,0.78200
2011-03-31,0.78250
2011-04-01,0.78525
2011-04-04,0.78100
2011-04-05,0.77775
2011-04-06,0.77825
2011-04-07,0.77775
2011-04-08,0.77725
2011-04-11,0.77400
2011-04-12,0.77250
2011-04-13,0.77150
2011-04-14,0.76500
2011-04-15,0.76500
2011-04-18,0.76275
2011-04-19,0.76250
2011-04-20,0.76300
2011-04-21,0.76200
2011-04-22,.
2011-04-25,.
2011-04-26,0.76200
2011-04-27,0.76250
2011-04-28,0.76100
2011-04-29,.
2011-05-02,.
2011-05-03,0.75775
2011-05-04,0.75625
2011-05-05,0.75200
2011-05-06,0.74900
2011-05-09,0.74650
2011-05-10,0.74350
2011-05-11,0.74250
2011-05-12,0.73800
2011-05-13,0.73800
2011-05-16,0.73550
2011-05-17,0.73550
2011-05-18,0.73475
2011-05-19,0.73700
2011-05-20,0.73300
2011-05-23,0.73050
2011-05-24,0.73175
2011-05-25,0.73125
2011-05-26,0.73125
2011-05-27,0.72950
2011-05-30,.
2011-05-31,0.72950
2011-06-01,0.72950
2011-06-02,0.72725
2011-06-03,0.72725
2011-06-06,0.72500
2011-06-07,0.72500
2011-06-08,0.72175
2011-06-09,0.72250
2011-06-10,0.72250
2011-06-13,0.72025
2011-06-14,0.72025
2011-06-15,0.72125
2011-06-16,0.72725
2011-06-17,0.72775
2011-06-20,0.72775
2011-06-21,0.72775
2011-06-22,0.72625
2011-06-23,0.72725
2011-06-24,0.72875
2011-06-27,0.73250
2011-06-28,0.73500
2011-06-29,0.73500
2011-06-30,0.73350
2011-07-01,0.73400
2011-07-04,0.73450
2011-07-05,0.73450
2011-07-06,0.73500
2011-07-07,0.73525
2011-07-08,0.73575
2011-07-11,0.73475
2011-07-12,0.74050
2011-07-13,0.74250
2011-07-14,0.74300
2011-07-15,0.74350
2011-07-18,0.74850
2011-07-19,0.74975
2011-07-20,0.75125
2011-07-21,0.75175
2011-07-22,0.75225
2011-07-25,0.75425
2011-07-26,0.75475
2011-07-27,0.75600
2011-07-28,0.75775
2011-07-29,0.76025
2011-08-01,0.75944
2011-08-02,0.76306
2011-08-03,0.76500
2011-08-04,0.76611
2011-08-05,0.76472
2011-08-08,0.76667
2011-08-09,0.76994
2011-08-10,0.76661
2011-08-11,0.76961
2011-08-12,0.77283
2011-08-15,0.77483
2011-08-16,0.77594
2011-08-17,0.77761
2011-08-18,0.78017
2011-08-19,0.78439
2011-08-22,0.78817
2011-08-23,0.79233
2011-08-24,0.79456
2011-08-25,0.79789
2011-08-26,0.79589
2011-08-29,.
2011-08-30,0.79811
2011-08-31,0.80000
2011-09-01,0.80217
2011-09-02,0.80322
2011-09-05,0.80706
2011-09-06,0.81417
2011-09-07,0.81539
2011-09-08,0.81844
2011-09-09,0.82133
2011-09-12,0.82800
2011-09-13,0.83083
2011-09-14,0.83411
2011-09-15,0.83550
2011-09-16,0.83494
2011-09-19,0.83578
2011-09-20,0.83744
2011-09-21,0.83856
2011-09-22,0.84494
2011-09-23,0.84750
2011-09-26,0.85011
2011-09-27,0.85156
2011-09-28,0.85489
2011-09-29,0.85967
2011-09-30,0.86489
2011-10-03,0.86883
2011-10-04,0.87500
2011-10-05,0.88250
2011-10-06,0.88850
2011-10-07,0.89267
2011-10-10,0.89600
2011-10-11,0.90133
2011-10-12,0.90400
2011-10-13,0.90617
2011-10-14,0.90950
2011-10-17,0.91094
2011-10-18,0.91317
2011-10-19,0.91561
2011-10-20,0.91861
2011-10-21,0.92139
2011-10-24,0.92394
2011-10-25,0.92556
2011-10-26,0.92717
2011-10-27,0.93128
2011-10-28,0.93372
2011-10-31,0.93561
2011-11-01,0.93972
2011-11-02,0.94161
2011-11-03,0.94489
2011-11-04,0.94883
2011-11-07,0.95372
2011-11-08,0.95861
2011-11-09,0.96450
2011-11-10,0.97644
2011-11-11,0.98144
2011-11-14,0.98522
2011-11-15,0.99189
2011-11-16,0.99700
2011-11-17,1.00756
2011-11-18,1.01811
2011-11-21,1.02589
2011-11-22,1.03422
2011-11-23,1.04144
2011-11-24,1.04656
2011-11-25,1.05156
2011-11-28,1.06044
2011-11-29,1.06600
2011-11-30,1.07106
2011-12-01,1.06494
2011-12-02,1.06517
2011-12-05,1.07400
2011-12-06,1.07890
2011-12-07,1.08115
2011-12-08,1.08215
2011-12-09,1.08490
2011-12-12,1.08740
2011-12-13,1.09340
2011-12-14,1.09915
2011-12-15,1.10585
2011-12-16,1.11035
2011-12-19,1.11435
2011-12-20,1.11885
2011-12-21,1.11910
2011-12-22,1.12135
2011-12-23,1.12310
2011-12-26,.
2011-12-27,.
2011-12-28,1.12690
2011-12-29,1.12805
2011-12-30,1.12805
2012-01-02,.
2012-01-03,1.13005
2012-01-04,1.13035
2012-01-05,1.13035
2012-01-06,1.13035
2012-01-09,1.12825
2012-01-10,1.12605
2012-01-11,1.12435
2012-01-12,1.11945
2012-01-13,1.11395
2012-01-16,1.11175
2012-01-17,1.11015
2012-01-18,1.11005
2012-01-19,1.11005
2012-01-20,1.10995
2012-01-23,1.10995
2012-01-24,1.10845
2012-01-25,1.10795
2012-01-26,1.10170
2012-01-27,1.09920
2012-01-30,1.09745
2012-01-31,1.09570
2012-02-01,1.09070
2012-02-02,1.08650
2012-02-03,1.08400
2012-02-06,1.08275
2012-02-07,1.08020
2012-02-08,1.07625
2012-02-09,1.07250
2012-02-10,1.06980
2012-02-13,1.06780
2012-02-14,1.06755
2012-02-15,1.06555
2012-02-16,1.06605
2012-02-17,1.06605
2012-02-20,1.06605
2012-02-21,1.06605
2012-02-22,1.06605
2012-02-23,1.06605
2012-02-24,1.06605
2012-02-27,1.06615
2012-02-28,1.06305
2012-02-29,1.05980
2012-03-01,1.05915
2012-03-02,1.05520
2012-03-05,1.05440
2012-03-06,1.05440
2012-03-07,1.05540
2012-03-08,1.05540
2012-03-09,1.05540
2012-03-12,1.05640
2012-03-13,1.05660
2012-03-14,1.05670
2012-03-15,1.05370
2012-03-16,1.05310
2012-03-19,1.05310
2012-03-20,1.05310
2012-03-21,1.05310
2012-03-22,1.05310
2012-03-23,1.05210
2012-03-26,1.05150
2012-03-27,1.05000
2012-03-28,1.04800
2012-03-29,1.04750
2012-03-30,1.04850
2012-04-02,1.04970
2012-04-03,1.04970
2012-04-04,1.04970
2012-04-05,1.05070
2012-04-06,.
2012-04-09,.
2012-04-10,1.05070
2012-04-11,1.05070
2012-04-12,1.04920
2012-04-13,1.04870
2012-04-16,1.05020
2012-04-17,1.04820
2012-04-18,1.04720
2012-04-19,1.04720
2012-04-20,1.04770
2012-04-23,1.04770
2012-04-24,1.04770
2012-04-25,1.04720
2012-04-26,1.04720
2012-04-27,1.04720
2012-04-30,1.04720
2012-05-01,1.04720
2012-05-02,1.04720
2012-05-03,1.04920
2012-05-04,1.04920
2012-05-07,.
2012-05-08,1.04920
2012-05-09,1.05270
2012-05-10,1.05470
2012-05-11,1.05570
2012-05-14,1.05895
2012-05-15,1.06145
2012-05-16,1.06795
2012-05-17,1.06795
2012-05-18,1.06895
2012-05-21,1.06920
2012-05-22,1.06920
2012-05-23,1.06920
2012-05-24,1.06920
2012-05-25,1.06920
2012-05-28,1.06920
2012-05-29,1.06920
2012-05-30,1.06920
2012-05-31,1.06920
2012-06-01,1.07070
2012-06-04,.
2012-06-05,.
2012-06-06,1.07070
2012-06-07,1.06970
2012-06-08,1.07020
2012-06-11,1.07020
2012-06-12,1.07070
2012-06-13,1.07070
2012-06-14,1.07120
2012-06-15,1.06950
2012-06-18,1.06950
2012-06-19,1.06950
2012-06-20,1.06850
2012-06-21,1.06850
2012-06-22,1.06850
2012-06-25,1.06600
2012-06-26,1.06700
2012-06-27,1.06750
2012-06-28,1.06800
2012-06-29,1.06800
2012-07-02,1.06950
2012-07-03,1.06950
2012-07-04,1.06950
2012-07-05,1.06950
2012-07-06,1.06950
2012-07-09,1.06950
2012-07-10,1.06950
2012-07-11,1.06950
2012-07-12,1.06850
2012-07-13,1.06700
2012-07-16,1.06600
2012-07-17,1.06600
2012-07-18,1.06600
2012-07-19,1.06450
2012-07-20,1.06400
2012-07-23,1.06300
2012-07-24,1.06150
2012-07-25,1.06150
2012-07-26,1.06050
2012-07-27,1.06050
2012-07-30,1.05850
2012-07-31,1.05350
2012-08-01,1.04700
2012-08-02,1.04820
2012-08-03,1.04620
2012-08-06,1.04720
2012-08-07,1.04720
2012-08-08,1.04650
2012-08-09,1.04650
2012-08-10,1.04650
2012-08-13,1.04600
2012-08-14,1.04600
2012-08-15,1.04500
2012-08-16,1.04400
2012-08-17,1.04400
2012-08-20,1.04400
2012-08-21,1.04200
2012-08-22,1.04100
2012-08-23,1.04000
2012-08-24,1.03650
2012-08-27,.
2012-08-28,1.03500
2012-08-29,1.03400
2012-08-30,1.03300
2012-08-31,1.03200
2012-09-03,1.02950
2012-09-04,1.02700
2012-09-05,1.02650
2012-09-06,1.02450
2012-09-07,1.02400
2012-09-10,1.01750
2012-09-11,1.01450
2012-09-12,1.00800
2012-09-13,1.00400
2012-09-14,0.99700
2012-09-17,0.99200
2012-09-18,0.98950
2012-09-19,0.98750
2012-09-20,0.98525
2012-09-21,0.98450
2012-09-24,0.98225
2012-09-25,0.97825
2012-09-26,0.97500
2012-09-27,0.97575
2012-09-28,0.97300
2012-10-01,0.96675
2012-10-02,0.96150
2012-10-03,0.95900
2012-10-04,0.95650
2012-10-05,0.95450
2012-10-08,0.95350
2012-10-09,0.95200
2012-10-10,0.94450
2012-10-11,0.94150
2012-10-12,0.93600
2012-10-15,0.92900
2012-10-16,0.91800
2012-10-17,0.90550
2012-10-18,0.90100
2012-10-19,0.89650
2012-10-22,0.89050
2012-10-23,0.88800
2012-10-24,0.88150
2012-10-25,0.88050
2012-10-26,0.88050
2012-10-29,0.87750
2012-10-30,0.87750
2012-10-31,0.87550
2012-11-01,0.87550
2012-11-02,0.87500
2012-11-05,0.87375
2012-11-06,0.87150
2012-11-07,0.86600
2012-11-08,0.86200
2012-11-09,0.86200
2012-11-12,0.86200
2012-11-13,0.86150
2012-11-14,0.86050
2012-11-15,0.85950
2012-11-16,0.86000
2012-11-19,0.86000
2012-11-20,0.86000
2012-11-21,0.86100
2012-11-22,0.86000
2012-11-23,0.85900
2012-11-26,0.86000
2012-11-27,0.86000
2012-11-28,0.86000
2012-11-29,0.86100
2012-11-30,0.86000
2012-12-03,0.86000
2012-12-04,0.85900
2012-12-05,0.85900
2012-12-06,0.85500
2012-12-07,0.85300
2012-12-10,0.85300
2012-12-11,0.85200
2012-12-12,0.84950
2012-12-13,0.84600
2012-12-14,0.84400
2012-12-17,0.84250
2012-12-18,0.84250
2012-12-19,0.84300
2012-12-20,0.84300
2012-12-21,0.84300
2012-12-24,0.84300
2012-12-25,.
2012-12-26,.
2012-12-27,0.84350
2012-12-28,0.84350
2012-12-31,0.84350
2013-01-01,.
2013-01-02,0.84250
2013-01-03,0.83950
2013-01-04,0.83850
2013-01-07,0.83450
2013-01-08,0.83450
2013-01-09,0.83400
2013-01-10,0.82300
2013-01-11,0.82100
2013-01-14,0.81900
2013-01-15,0.81400
2013-01-16,0.80950
2013-01-17,0.81000
2013-01-18,0.80900
2013-01-21,0.80900
2013-01-22,0.80900
2013-01-23,0.80750
2013-01-24,0.79850
2013-01-25,0.79650
2013-01-28,0.79750
2013-01-29,0.79550
2013-01-30,0.79050
2013-01-31,0.78100
2013-02-01,0.77700
2013-02-04,0.77300
2013-02-05,0.77050
2013-02-06,0.76950
2013-02-07,0.76750
2013-02-08,0.76600
2013-02-11,0.76500
2013-02-12,0.76400
2013-02-13,0.76200
2013-02-14,0.76250
2013-02-15,0.76000
2013-02-18,0.76000
2013-02-19,0.75950
2013-02-20,0.75850
2013-02-21,0.75600
2013-02-22,0.75550
2013-02-25,0.75450
2013-02-26,0.75250
2013-02-27,0.75250
2013-02-28,0.75150
2013-03-01,0.74950
2013-03-04,0.74500
2013-03-05,0.74300
2013-03-06,0.73850
2013-03-07,0.73650
2013-03-08,0.73350
2013-03-11,0.73300
2013-03-12,0.73050
2013-03-13,0.73000
2013-03-14,0.72900
2013-03-15,0.73100
2013-03-18,0.73150
2013-03-19,0.73500
2013-03-20,0.73700
2013-03-21,0.73550
2013-03-22,0.73750
2013-03-25,0.73100
2013-03-26,0.73250
2013-03-27,0.73150
2013-03-28,0.73150
2013-03-29,.
2013-04-01,.
2013-04-02,0.72800
2013-04-03,0.72500
2013-04-04,0.72300
2013-04-05,0.72100
2013-04-08,0.72100
2013-04-09,0.72100
2013-04-10,0.72100
2013-04-11,0.72000
2013-04-12,0.71900
2013-04-15,0.71900
2013-04-16,0.71750
2013-04-17,0.71500
2013-04-18,0.71500
2013-04-19,0.71500
2013-04-22,0.71550
2013-04-23,0.71100
2013-04-24,0.71200
2013-04-25,0.71100
2013-04-26,0.71050
2013-04-29,0.70850
2013-04-30,0.70450
2013-05-01,0.70400
2013-05-02,0.70310
2013-05-03,0.70210
2013-05-06,.
2013-05-07,0.70310
2013-05-08,0.70310
2013-05-09,0.70210
2013-05-10,0.70110
2013-05-13,0.70110
2013-05-14,0.69510
2013-05-15,0.68989
2013-05-16,0.68989
2013-05-17,0.68839
2013-05-20,0.68739
2013-05-21,0.68589
2013-05-22,0.68589
2013-05-23,0.68589
2013-05-24,0.68589
2013-05-27,.
2013-05-28,0.68400
2013-05-29,0.69070
2013-05-30,0.68800
2013-05-31,0.68920
2013-06-03,0.69020
2013-06-04,0.68720
2013-06-05,0.68620
2013-06-06,0.68520
2013-06-07,0.68520
2013-06-10,0.68320
2013-06-11,0.68470
2013-06-12,0.68320
2013-06-13,0.67870
2013-06-14,0.66910
2013-06-17,0.66810
2013-06-18,0.66810
2013-06-19,0.66810
2013-06-20,0.68045
2013-06-21,0.68295
2013-06-24,0.70315
2013-06-25,0.70115
2013-06-26,0.69765
2013-06-27,0.69065
2013-06-28,0.68565
2013-07-01,0.69015
2013-07-02,0.68815
2013-07-03,0.69065
2013-07-04,0.69165
2013-07-05,0.68965
2013-07-08,0.69415
2013-07-09,0.69165
2013-07-10,0.69365
2013-07-11,0.68835
2013-07-12,0.68585
2013-07-15,0.68985
2013-07-16,0.68719
2013-07-17,0.68419
2013-07-18,0.68094
2013-07-19,0.68094
2013-07-22,0.68094
2013-07-23,0.67594
2013-07-24,0.67544
2013-07-25,0.67594
2013-07-26,0.67369
2013-07-29,0.67319
2013-07-30,0.67319
2013-07-31,0.67319
2013-08-01,0.67319
2013-08-02,0.67419
2013-08-05,0.66639
2013-08-06,0.66539
2013-08-07,0.66539
2013-08-08,0.66489
2013-08-09,0.66489
2013-08-12,0.66510
2013-08-13,0.66460
2013-08-14,0.66760
2013-08-15,0.66760
2013-08-16,0.66760
2013-08-19,0.66832
2013-08-20,0.66710
2013-08-21,0.66610
2013-08-22,0.67310
2013-08-23,0.67560
2013-08-26,.
2013-08-27,0.66810
2013-08-28,0.66760
2013-08-29,0.66710
2013-08-30,0.66710
2013-09-02,0.66810
2013-09-03,0.66910
2013-09-04,0.66810
2013-09-05,0.67510
2013-09-06,0.67510
2013-09-09,0.66560
2013-09-10,0.66560
2013-09-11,0.66510
2013-09-12,0.66360
2013-09-13,0.66360
2013-09-16,0.65610
2013-09-17,0.65160
2013-09-18,0.65010
2013-09-19,0.63860
2013-09-20,0.63860
2013-09-23,0.63760
2013-09-24,0.63510
2013-09-25,0.63310
2013-09-26,0.63110
2013-09-27,0.62610
2013-09-30,0.62940
2013-10-01,0.62665
2013-10-02,0.62315
2013-10-03,0.62265
2013-10-04,0.61860
2013-10-07,0.62085
2013-10-08,0.62335
2013-10-09,0.63110
2013-10-10,0.62710
2013-10-11,0.62760
2013-10-14,0.63160
2013-10-15,0.62910
2013-10-16,0.62960
2013-10-17,0.62010
2013-10-18,0.61410
2013-10-21,0.61310
2013-10-22,0.61260
2013-10-23,0.60860
2013-10-24,0.60660
2013-10-25,0.60570
2013-10-28,0.60560
2013-10-29,0.60510
2013-10-30,0.60360
2013-10-31,0.60260
2013-11-01,0.60160
2013-11-04,0.59710
2013-11-05,0.59610
2013-11-06,0.59750
2013-11-07,0.59700
2013-11-08,0.59475
2013-11-11,0.59500
2013-11-12,0.59050
2013-11-13,0.59160
2013-11-14,0.58810
2013-11-15,0.58410
2013-11-18,0.58510
2013-11-19,0.58460
2013-11-20,0.58410
2013-11-21,0.57560
2013-11-22,0.57410
2013-11-25,0.57360
2013-11-26,0.57560
2013-11-27,0.57810
2013-11-28,0.57800
2013-11-29,0.57800
2013-12-02,0.57700
2013-12-03,0.57570
2013-12-04,0.57670
2013-12-05,0.57720
2013-12-06,0.57670
2013-12-09,0.57360
2013-12-10,0.57330
2013-12-11,0.57430
2013-12-12,0.57630
2013-12-13,0.58060
2013-12-16,0.57960
2013-12-17,0.58060
2013-12-18,0.57810
2013-12-19,0.58060
2013-12-20,0.58410
2013-12-23,0.58360
2013-12-24,0.58360
2013-12-25,.
2013-12-26,.
2013-12-27,0.58310
2013-12-30,0.58310
2013-12-31,0.58310
2014-01-01,.
2014-01-02,0.58260
2014-01-03,0.58460
2014-01-06,0.58540
2014-01-07,0.58660
2014-01-08,0.58560
2014-01-09,0.58460
2014-01-10,0.58260
2014-01-13,0.57360
2014-01-14,0.56810
2014-01-15,0.57160
2014-01-16,0.57160
2014-01-17,0.57210
2014-01-20,0.57210
2014-01-21,0.57260
2014-01-22,0.57110
2014-01-23,0.57250
2014-01-24,0.57210
2014-01-27,0.571
2014-01-28,0.571
2014-01-29,0.5704
2014-01-30,0.5694
2014-01-31,0.5654
2014-02-03,0.5629
2014-02-04,0.5617
2014-02-05,0.5594
2014-02-06,0.5579
2014-02-07,0.5584
2014-02-10,0.5509
2014-02-11,0.5533
2014-02-12,0.5538
2014-02-13,0.5523
2014-02-14,0.5508
2014-02-17,0.5523
2014-02-18,0.5533
2014-02-19,0.5533
2014-02-20,0.5538
2014-02-21,0.5553
2014-02-24,0.5533
2014-02-25,0.5533
2014-02-26,0.5505
2014-02-27,0.5523
2014-02-28,0.5533
2014-03-03,0.5538
2014-03-04,0.552
2014-03-05,0.5506
2014-03-06,0.552
2014-03-07,0.552
2014-03-10,0.5552
2014-03-11,0.5552
2014-03-12,0.5552
2014-03-13,0.557
2014-03-14,0.557
2014-03-17,0.5571
2014-03-18,0.5572
2014-03-19,0.5555
2014-03-20,0.56
2014-03-21,0.5641
2014-03-24,0.5641
2014-03-25,0.5616
2014-03-26,0.5621
2014-03-27,0.5616
2014-03-28,0.5586
2014-03-31,0.5581
2014-04-01,0.5536
2014-04-02,0.5551
2014-04-03,0.5551
2014-04-04,0.5556
2014-04-07,0.5521
2014-04-08,0.553
2014-04-09,0.553
2014-04-10,0.5485
2014-04-11,0.546
2014-04-14,0.5465
2014-04-15,0.5455
2014-04-16,0.5465
2014-04-17,0.5465
2014-04-18,.
2014-04-21,.
2014-04-22,0.5483
2014-04-23,0.5483
2014-04-24,0.5495
2014-04-25,0.5495
2014-04-28,0.5495
2014-04-29,0.549
2014-04-30,0.549
2014-05-01,0.5475
2014-05-02,0.547
2014-05-05,.
2014-05-06,0.5436
2014-05-07,0.5436
2014-05-08,0.5421
2014-05-09,0.5402
2014-05-12,0.5377
2014-05-13,0.5392
2014-05-14,0.5371
2014-05-15,0.5346
2014-05-16,0.5346
2014-05-19,0.5346
2014-05-20,0.5346
2014-05-21,0.5336
2014-05-22,0.5341
2014-05-23,0.5354
2014-05-26,.
2014-05-27,0.5354
2014-05-28,0.5354
2014-05-29,0.5344
2014-05-30,0.5344
2014-06-02,0.5345
2014-06-03,0.535
2014-06-04,0.534
2014-06-05,0.5345
2014-06-06,0.5335
2014-06-09,0.5351
2014-06-10,0.5366
2014-06-11,0.5396
2014-06-12,0.5401
2014-06-13,0.5446
2014-06-16,0.5466
2014-06-17,0.5506
2014-06-18,0.5506
2014-06-19,0.5456
2014-06-20,0.5471
2014-06-23,0.5471
2014-06-24,0.5471
2014-06-25,0.5471
2014-06-26,0.5461
2014-06-27,0.5451
2014-06-30,0.5451
2014-07-01,0.5462
2014-07-02,0.5467
2014-07-03,0.5467
2014-07-04,0.5532
2014-07-07,0.5562
2014-07-08,0.5562
2014-07-09,0.5572
2014-07-10,0.5492
2014-07-11,0.5497
2014-07-14,0.5519
2014-07-15,0.5519
2014-07-16,0.5549
2014-07-17,0.5544
2014-07-18,0.5529
2014-07-21,0.5521
2014-07-22,0.5561
2014-07-23,0.5536
2014-07-24,0.5571
2014-07-25,0.5601
2014-07-28,0.5636
2014-07-29,0.5646
2014-07-30,0.5686
2014-07-31,0.5796
2014-08-01,0.5781
2014-08-04,0.5621
2014-08-05,0.5604
2014-08-06,0.5559
2014-08-07,0.5554
2014-08-08,0.554
2014-08-11,0.5545
2014-08-12,0.5553
2014-08-13,0.5553
2014-08-14,0.5508
2014-08-15,0.5506
2014-08-18,0.5511
2014-08-19,0.5521
2014-08-20,0.5561
2014-08-21,0.5646
2014-08-22,0.5656
2014-08-25,.
2014-08-26,0.5646
2014-08-27,0.5626
2014-08-28,0.5631
2014-08-29,0.5656
2014-09-01,0.5646
2014-09-02,0.5621
2014-09-03,0.5656
2014-09-04,0.5641
2014-09-05,0.5691
2014-09-08,0.5626
2014-09-09,0.5737
2014-09-10,0.5807
2014-09-11,0.5822
2014-09-12,0.5862
2014-09-15,0.5847
2014-09-16,0.5827
2014-09-17,0.5827
2014-09-18,0.5852
2014-09-19,0.5847
2014-09-22,0.5817
2014-09-23,0.5812
2014-09-24,0.5827
2014-09-25,0.5822
2014-09-26,0.5777
2014-09-29,0.5802
2014-09-30,0.5786
2014-10-01,0.5776
2014-10-02,0.5681
2014-10-03,0.5691
2014-10-06,0.5718
2014-10-07,0.5713
2014-10-08,0.5673
2014-10-09,0.55055
2014-10-10,0.55255
2014-10-13,0.5473
2014-10-14,0.54205
2014-10-15,0.5444
2014-10-16,0.54465
2014-10-17,0.5469
2014-10-20,0.54715
2014-10-21,0.54115
2014-10-22,0.5421
2014-10-23,0.5436
2014-10-24,0.54255
2014-10-27,0.5418
2014-10-28,0.54155
2014-10-29,0.5418
2014-10-30,0.5558
2014-10-31,0.5538
2014-11-03,0.5558
2014-11-04,0.5558
2014-11-05,0.5578
2014-11-06,0.5578
2014-11-07,0.5663
2014-11-10,0.5563
2014-11-11,0.5643
2014-11-12,0.5638
2014-11-13,0.5663
2014-11-14,0.5633
2014-11-17,0.56105
2014-11-18,0.56105
2014-11-19,0.5628
2014-11-20,0.5618
2014-11-21,0.5643
2014-11-24,0.5643
2014-11-25,0.5646
2014-11-26,0.5646
2014-11-27,0.5646
2014-11-28,0.5646
2014-12-01,0.5626
2014-12-02,0.5648
2014-12-03,0.5703
2014-12-04,0.575
2014-12-05,0.5766
2014-12-08,0.6031
2014-12-09,0.5981
2014-12-10,0.6026
2014-12-11,0.6003
2014-12-12,0.6013
2014-12-15,0.5978
2014-12-16,0.5993
2014-12-17,0.6053
2014-12-18,0.6053
2014-12-19,0.6168
2014-12-22,0.6223
2014-12-23,0.6278
2014-12-24,0.6288
2014-12-25,.
2014-12-26,.
2014-12-29,0.6288
2014-12-30,0.6288
2014-12-31,0.6288
2015-01-01,.
2015-01-02,0.6328
2015-01-05,0.6338
2015-01-06,0.6283
2015-01-07,0.6273
2015-01-08,0.6289
2015-01-09,0.6264
2015-01-12,0.6209
2015-01-13,0.6224
2015-01-14,0.6224
2015-01-15,0.6149
2015-01-16,0.6099
2015-01-19,0.6119
2015-01-20,0.6159
2015-01-21,0.6219
2015-01-22,0.6229
2015-01-23,0.6219
2015-01-26,0.6214
2015-01-27,0.6224
2015-01-28,0.6179
2015-01-29,0.6204
2015-01-30,0.6209
2015-02-02,0.6194
2015-02-03,0.61815
2015-02-04,0.6254
2015-02-05,0.629
2015-02-06,0.6315
2015-02-09,0.656
2015-02-10,0.6636
2015-02-11,0.6646
2015-02-12,0.6716
2015-02-13,0.6736
2015-02-16,0.6726
2015-02-17,0.6746
2015-02-18,0.6841
2015-02-19,0.6709
2015-02-20,0.6744
2015-02-23,0.6784
2015-02-24,0.67735
2015-02-25,0.6686
2015-02-26,0.66935
2015-02-27,0.6796
2015-03-02,0.68185
2015-03-03,0.6871
2015-03-04,0.6886
2015-03-05,0.68885
2015-03-06,0.6881
2015-03-09,0.7111
2015-03-10,0.71085
2015-03-11,0.7151
2015-03-12,0.7136
2015-03-13,0.71335
2015-03-16,0.71335
2015-03-17,0.71335
2015-03-18,0.71535
2015-03-19,0.68685
2015-03-20,0.69735
2015-03-23,0.6911
2015-03-24,0.6924
2015-03-25,0.69715
2015-03-26,0.6999
2015-03-27,0.70215
2015-03-30,0.6989
2015-03-31,0.6942
2015-04-01,0.6981
2015-04-02,0.69235
2015-04-03,.
2015-04-06,.
2015-04-07,0.6856
2015-04-08,0.6891
2015-04-09,0.69435
2015-04-10,0.69835
2015-04-13,0.70335
2015-04-14,0.7001
2015-04-15,0.69265
2015-04-16,0.6914
2015-04-17,0.68465
2015-04-20,0.69515
2015-04-21,0.7009
2015-04-22,0.69915
2015-04-23,0.7064
2015-04-24,0.7059
2015-04-27,0.70115
2015-04-28,0.696
2015-04-29,0.699
2015-04-30,0.70525
2015-05-01,0.7176
2015-05-04,.
2015-05-05,0.72135
2015-05-06,0.7341
2015-05-07,0.7361
2015-05-08,0.7326
2015-05-11,0.7241
2015-05-12,0.7346
2015-05-13,0.73035
2015-05-14,0.72285
2015-05-15,0.72335
2015-05-18,0.7251
2015-05-19,0.7276
2015-05-20,0.73935
2015-05-21,0.7391
2015-05-22,0.7376
2015-05-25,.
2015-05-26,0.75685
2015-05-27,0.7526
2015-05-28,0.75295
2015-05-29,0.7497
2015-06-01,0.7477
2015-06-02,0.74995
2015-06-03,0.74545
2015-06-04,0.74795
2015-06-05,0.7492
2015-06-08,0.7722
2015-06-09,0.7682
2015-06-10,0.78195
2015-06-11,0.78795
2015-06-12,0.7908
2015-06-15,0.79185
2015-06-16,0.7896
2015-06-17,0.79135
2015-06-18,0.76635
2015-06-19,0.7666
2015-06-22,0.766
2015-06-23,0.76875
2015-06-24,0.77575
2015-06-25,0.77425
2015-06-26,0.7765
2015-06-29,0.766
2015-06-30,0.7715
2015-07-01,0.77775
2015-07-02,0.7871
2015-07-03,0.7716
2015-07-06,0.76185
2015-07-07,0.75985
2015-07-08,0.75035
2015-07-09,0.75335
2015-07-10,0.7627
2015-07-13,0.7812
2015-07-14,0.77895
2015-07-15,0.77295
2015-07-16,0.7732
2015-07-17,0.7757
2015-07-20,0.79535
2015-07-21,0.80535
2015-07-22,0.8046
2015-07-23,0.8072
2015-07-24,0.8071
2015-07-27,0.80095
2015-07-28,0.8042
2015-07-29,0.8011
2015-07-30,0.8136
2015-07-31,0.82835
2015-08-03,0.80885
2015-08-04,0.8052
2015-08-05,0.83185
2015-08-06,0.8351
2015-08-07,0.83585
2015-08-10,0.8467
2015-08-11,0.8387
2015-08-12,0.82215
2015-08-13,0.8349
2015-08-14,0.8441
2015-08-17,0.8491
2015-08-18,0.84435
2015-08-19,0.8496
2015-08-20,0.8576
2015-08-21,0.84785
2015-08-24,0.83335
2015-08-25,0.82735
2015-08-26,0.83105
2015-08-27,0.8418
2015-08-28,0.8433
2015-08-31,.
2015-09-01,0.85555
2015-09-02,0.8543
2015-09-03,0.85355
2015-09-04,0.8503
2015-09-07,0.86005
2015-09-08,0.8568
2015-09-09,0.85455
2015-09-10,0.8548
2015-09-11,0.85555
2015-09-14,0.85455
2015-09-15,0.85455
2015-09-16,0.86655
2015-09-17,0.8708
2015-09-18,0.82455
2015-09-21,0.8388
2015-09-22,0.84155
2015-09-23,0.8458
2015-09-24,0.84685
2015-09-25,0.86085
2015-09-28,0.85485
2015-09-29,0.85235
2015-09-30,0.8511
2015-10-01,0.84735
2015-10-02,0.8521
2015-10-05,0.8306
2015-10-06,0.83635
2015-10-07,0.83985
2015-10-08,0.84085
2015-10-09,0.84475
2015-10-12,0.8395
2015-10-13,0.835
2015-10-14,0.8289
2015-10-15,0.8164
2015-10-16,0.82565
2015-10-19,0.82615
2015-10-20,0.82815
2015-10-21,0.8314
2015-10-22,0.83415
2015-10-23,0.8319
2015-10-26,0.83815
2015-10-27,0.8384
2015-10-28,0.83615
2015-10-29,0.8629
2015-10-30,0.8684
2015-11-02,0.87465
2015-11-03,0.8824
2015-11-04,0.88615
2015-11-05,0.90065
2015-11-06,0.90115
2015-11-09,0.93385
2015-11-10,0.92485
2015-11-11,0.92835
2015-11-12,0.9326
2015-11-13,0.9361
2015-11-16,0.93235
2015-11-17,0.93085
2015-11-18,0.93585
2015-11-19,0.94135
2015-11-20,0.94735
2015-11-23,0.96135
2015-11-24,0.9666
2015-11-25,0.97335
2015-11-26,0.9776
2015-11-27,0.97385
2015-11-30,0.9806
2015-12-01,0.98435
2015-12-02,0.9896
2015-12-03,1.0112
2015-12-04,1.0177
2015-12-07,1.0402
2015-12-08,1.04495
2015-12-09,1.05245
2015-12-10,1.0547
2015-12-11,1.06675
2015-12-14,1.06425
2015-12-15,1.0735
2015-12-16,1.0835
2015-12-17,1.109
2015-12-18,1.11425
2015-12-21,1.12575
2015-12-22,1.131
2015-12-23,1.144
2015-12-24,1.1475
2015-12-25,.
2015-12-28,.
2015-12-29,1.1595
2015-12-30,1.17475
2015-12-31,1.178
2016-01-01,.
2016-01-04,1.16925
2016-01-05,1.1731
2016-01-06,1.16535
2016-01-07,1.1471
2016-01-08,1.1551
2016-01-11,1.1536
2016-01-12,1.1561
2016-01-13,1.1631
2016-01-14,1.1586
2016-01-15,1.1451
2016-01-18,1.1463
2016-01-19,1.15045
2016-01-20,1.14045
2016-01-21,1.1437
2016-01-22,1.15595
2016-01-25,1.1529
2016-01-26,1.1512
2016-01-27,1.15045
2016-01-28,1.15105
2016-01-29,1.13975
2016-02-01,1.14025
2016-02-02,1.13785
2016-02-03,1.1304
2016-02-04,1.1285
2016-02-05,1.1355
2016-02-08,1.13995
2016-02-09,1.13055
2016-02-10,1.13355
2016-02-11,1.117
2016-02-12,1.1156
2016-02-15,1.12825
2016-02-16,1.13215
2016-02-17,1.13465
2016-02-18,1.142
2016-02-19,1.13975
2016-02-22,1.1585
2016-02-23,1.157
2016-02-24,1.15475
2016-02-25,1.1602
2016-02-26,1.161
2016-02-29,1.17875
2016-03-01,1.179
2016-03-02,1.1955
2016-03-03,1.20045
2016-03-04,1.194
2016-03-07,1.21225
2016-03-08,1.207
2016-03-09,1.209
2016-03-10,1.211
2016-03-11,1.2245
2016-03-14,1.2312
2016-03-15,1.237
2016-03-16,1.2447
2016-03-17,1.2022
2016-03-18,1.21145
2016-03-21,1.21365
2016-03-22,1.2244
2016-03-23,1.2374
2016-03-24,1.23115
2016-03-25,.
2016-03-28,.
2016-03-29,1.23865
2016-03-30,1.21415
2016-03-31,1.2104
2016-04-01,1.2134
2016-04-04,1.2215
2016-04-05,1.2053
2016-04-06,1.2116
2016-04-07,1.20555
2016-04-08,1.20455
2016-04-11,1.20755
2016-04-12,1.20905
2016-04-13,1.21755
2016-04-14,1.2208
2016-04-15,1.22125
2016-04-18,1.2183
2016-04-19,1.2247
2016-04-20,1.2248
2016-04-21,1.23935
2016-04-22,1.23635
2016-04-25,1.23885
2016-04-26,1.2426
2016-04-27,1.2441
2016-04-28,1.23
2016-04-29,1.2295
2016-05-02,.
2016-05-03,1.2318
2016-05-04,1.23005
2016-05-05,1.2303
2016-05-06,1.22415
2016-05-09,1.22715
2016-05-10,1.2244
2016-05-11,1.22515
2016-05-12,1.2269
2016-05-13,1.2289
2016-05-16,1.23265
2016-05-17,1.24235
2016-05-18,1.26965
2016-05-19,1.2985
2016-05-20,1.302
2016-05-23,1.303
2016-05-24,1.31235
2016-05-25,1.3227
2016-05-26,1.3207
2016-05-27,1.3167
2016-05-30,.
2016-05-31,1.33740
2016-06-01,1.3284
2016-06-02,1.3324
2016-06-03,1.3314
2016-06-06,1.2856
2016-06-07,1.2851
2016-06-08,1.27835
2016-06-09,1.27425
2016-06-10,1.2735
2016-06-13,1.25925
2016-06-14,1.25325
2016-06-15,1.26525
2016-06-16,1.2385
2016-06-17,1.24075
2016-06-20,1.2515
2016-06-21,1.2525
2016-06-22,1.251
2016-06-23,1.24975
2016-06-24,1.2052
2016-06-27,1.1957
2016-06-28,1.20475
2016-06-29,1.21625
2016-06-30,1.23025
2016-07-01,1.225
2016-07-04,1.235
2016-07-05,1.23375
2016-07-06,1.2305
2016-07-07,1.2465
2016-07-08,1.253
2016-07-11,1.2695
2016-07-12,1.2845
2016-07-13,1.2934
2016-07-14,1.298
2016-07-15,1.30825
2016-07-18,1.3264
2016-07-19,1.3289
2016-07-20,1.3449
2016-07-21,1.3589
2016-07-22,1.3719
2016-07-25,1.3859
2016-07-26,1.3986
2016-07-27,1.4136
2016-07-28,1.42
2016-07-29,1.4321
2016-08-01,1.4336
2016-08-02,1.4426
2016-08-03,1.4546
2016-08-04,1.4766
2016-08-05,1.4751
2016-08-08,1.5081
2016-08-09,1.5225
2016-08-10,1.5245
2016-08-11,1.5195
2016-08-12,1.5257
2016-08-15,1.50661
2016-08-16,1.49822
2016-08-17,1.51961
2016-08-18,1.51544
2016-08-19,1.52322
2016-08-22,1.53294
2016-08-23,1.531
2016-08-24,1.52656
2016-08-25,1.52611
2016-08-26,1.53656
2016-08-29,.
2016-08-30,1.55933
2016-08-31,1.55711
2016-09-01,1.56556
2016-09-02,1.55944
2016-09-05,1.56244
2016-09-06,1.56133
2016-09-07,1.53922
2016-09-08,1.54033
2016-09-09,1.55678
2016-09-12,1.56644
2016-09-13,1.554
2016-09-14,1.55622
2016-09-15,1.55011
2016-09-16,1.54489
2016-09-19,1.55578
2016-09-20,1.56467
2016-09-21,1.57078
2016-09-22,1.56133
2016-09-23,1.55744
2016-09-26,1.55522
2016-09-27,1.55122
2016-09-28,1.55138
2016-09-29,1.55633
2016-09-30,1.55178
2016-10-03,1.559
2016-10-04,1.56567
2016-10-05,1.57267
2016-10-06,1.58122
2016-10-07,1.58711
2016-10-10,1.58622
2016-10-11,1.59122
2016-10-12,1.59567
2016-10-13,1.58733
2016-10-14,1.58567
2016-10-17,1.58067
2016-10-18,1.57122
2016-10-19,1.564
2016-10-20,1.56622
2016-10-21,1.57178
2016-10-24,1.57067
2016-10-25,1.57844
2016-10-26,1.57956
2016-10-27,1.58233
2016-10-28,1.58233
